title,url,platform,metacritic,user
Elden Ring,https://www.metacritic.com/game/xbox-series-x/elden-ring,Xbox Series X,96,7.7
Elden Ring,https://www.metacritic.com/game/playstation-5/elden-ring,PlayStation 5,96,7.9
Portal Companion Collection,https://www.metacritic.com/game/switch/portal-companion-collection,Switch,96,8.4
Elden Ring,https://www.metacritic.com/game/pc/elden-ring,PC,94,6.9
The Stanley Parable: Ultra Deluxe,https://www.metacritic.com/game/xbox-series-x/the-stanley-parable-ultra-deluxe,Xbox Series X,93,8.4
God of War,https://www.metacritic.com/game/pc/god-of-war,PC,93,8.5
Cuphead in the Delicious Last Course,https://www.metacritic.com/game/xbox-one/cuphead-in-the-delicious-last-course,Xbox One,92,8.2
Rogue Legacy 2,https://www.metacritic.com/game/xbox-series-x/rogue-legacy-2,Xbox Series X,90,8.3
The Stanley Parable: Ultra Deluxe,https://www.metacritic.com/game/pc/the-stanley-parable-ultra-deluxe,PC,90,8.1
Neon White,https://www.metacritic.com/game/pc/neon-white,PC,90,8.8
Xenoblade Chronicles 3,https://www.metacritic.com/game/switch/xenoblade-chronicles-3,Switch,89,8.6
Cuphead in the Delicious Last Course,https://www.metacritic.com/game/pc/cuphead-in-the-delicious-last-course,PC,89,8.4
The Last of Us Part I,https://www.metacritic.com/game/playstation-5/the-last-of-us-part-i,PlayStation 5,89,5.9
The Stanley Parable: Ultra Deluxe,https://www.metacritic.com/game/playstation-5/the-stanley-parable-ultra-deluxe,PlayStation 5,89,8.2
I Was a Teenage Exocolonist,https://www.metacritic.com/game/pc/i-was-a-teenage-exocolonist,PC,89,8.1
NORCO,https://www.metacritic.com/game/pc/norco,PC,88,7.1
Neon White,https://www.metacritic.com/game/switch/neon-white,Switch,88,8.1
13 Sentinels: Aegis Rim,https://www.metacritic.com/game/switch/13-sentinels-aegis-rim,Switch,88,8.5
Deathloop,https://www.metacritic.com/game/xbox-series-x/deathloop,Xbox Series X,88,6.7
Immortality,https://www.metacritic.com/game/pc/immortality,PC,88,6.3
Immortality,https://www.metacritic.com/game/xbox-series-x/immortality,Xbox Series X,88,7
AI: The Somnium Files - nirvanA Initiative,https://www.metacritic.com/game/pc/ai-the-somnium-files---nirvana-initiative,PC,88,8.4
Rogue Legacy 2,https://www.metacritic.com/game/pc/rogue-legacy-2,PC,88,7.7
Horizon Forbidden West,https://www.metacritic.com/game/playstation-5/horizon-forbidden-west,PlayStation 5,88,8
Final Fantasy VI Pixel Remaster,https://www.metacritic.com/game/pc/final-fantasy-vi-pixel-remaster,PC,88,7.8
OlliOlli World,https://www.metacritic.com/game/pc/olliolli-world,PC,87,6.8
Gran Turismo 7,https://www.metacritic.com/game/playstation-5/gran-turismo-7,PlayStation 5,87,2.1
Uncharted: Legacy of Thieves Collection,https://www.metacritic.com/game/playstation-5/uncharted-legacy-of-thieves-collection,PlayStation 5,87,8.8
The Stanley Parable: Ultra Deluxe,https://www.metacritic.com/game/switch/the-stanley-parable-ultra-deluxe,Switch,87,8.1
Destiny 2: The Witch Queen,https://www.metacritic.com/game/playstation-5/destiny-2-the-witch-queen,PlayStation 5,87,8
Teenage Mutant Ninja Turtles: Shredder's Revenge,https://www.metacritic.com/game/switch/teenage-mutant-ninja-turtles-shredders-revenge,Switch,87,8.3
Return to Monkey Island,https://www.metacritic.com/game/pc/return-to-monkey-island,PC,87,7.5
Two Point Campus,https://www.metacritic.com/game/switch/two-point-campus,Switch,87,5.5
Cuphead in the Delicious Last Course,https://www.metacritic.com/game/switch/cuphead-in-the-delicious-last-course,Switch,87,7.9
OlliOlli World,https://www.metacritic.com/game/switch/olliolli-world,Switch,87,7.2
Marvel's Spider-Man Remastered,https://www.metacritic.com/game/pc/marvels-spider-man-remastered,PC,87,8.2
Teenage Mutant Ninja Turtles: Shredder's Revenge,https://www.metacritic.com/game/xbox-one/teenage-mutant-ninja-turtles-shredders-revenge,Xbox One,87,8.1
Monster Hunter Rise,https://www.metacritic.com/game/pc/monster-hunter-rise,PC,87,6.3
Monster Hunter Rise: Sunbreak,https://www.metacritic.com/game/pc/monster-hunter-rise-sunbreak,PC,86,3.9
Cuphead in the Delicious Last Course,https://www.metacritic.com/game/playstation-4/cuphead-in-the-delicious-last-course,PlayStation 4,86,7.7
Total War: WARHAMMER III,https://www.metacritic.com/game/pc/total-war-warhammer-iii,PC,86,5.4
AI: The Somnium Files - nirvanA Initiative,https://www.metacritic.com/game/switch/ai-the-somnium-files---nirvana-initiative,Switch,86,8
OlliOlli World,https://www.metacritic.com/game/xbox-series-x/olliolli-world,Xbox Series X,85,6.6
Citizen Sleeper,https://www.metacritic.com/game/xbox-series-x/citizen-sleeper,Xbox Series X,85,7.9
Crusader Kings III: Console Edition,https://www.metacritic.com/game/playstation-5/crusader-kings-iii-console-edition,PlayStation 5,85,6.4
Teenage Mutant Ninja Turtles: Shredder's Revenge,https://www.metacritic.com/game/playstation-4/teenage-mutant-ninja-turtles-shredders-revenge,PlayStation 4,85,8.4
Tunic,https://www.metacritic.com/game/pc/tunic,PC,85,7.7
Cult of the Lamb,https://www.metacritic.com/game/playstation-5/cult-of-the-lamb,PlayStation 5,85,5.9
Monster Hunter Rise: Sunbreak,https://www.metacritic.com/game/switch/monster-hunter-rise-sunbreak,Switch,85,3.5
Destiny 2: The Witch Queen,https://www.metacritic.com/game/pc/destiny-2-the-witch-queen,PC,85,8
Tinykin,https://www.metacritic.com/game/switch/tinykin,Switch,85,7.6
Forza Horizon 5: Hot Wheels,https://www.metacritic.com/game/xbox-series-x/forza-horizon-5-hot-wheels,Xbox Series X,85,7.9
Kirby and the Forgotten Land,https://www.metacritic.com/game/switch/kirby-and-the-forgotten-land,Switch,85,8.8
AI: The Somnium Files - nirvanA Initiative,https://www.metacritic.com/game/playstation-4/ai-the-somnium-files---nirvana-initiative,PlayStation 4,85,8.5
Return to Monkey Island,https://www.metacritic.com/game/switch/return-to-monkey-island,Switch,85,7.6
Death Stranding: Director's Cut,https://www.metacritic.com/game/pc/death-stranding-directors-cut,PC,85,7.5
Destiny 2: The Witch Queen,https://www.metacritic.com/game/xbox-series-x/destiny-2-the-witch-queen,Xbox Series X,85,7.8
Tunic,https://www.metacritic.com/game/xbox-series-x/tunic,Xbox Series X,85,7.8
OlliOlli World,https://www.metacritic.com/game/playstation-5/olliolli-world,PlayStation 5,84,7.8
Teenage Mutant Ninja Turtles: Shredder's Revenge,https://www.metacritic.com/game/pc/teenage-mutant-ninja-turtles-shredders-revenge,PC,84,8.8
SNK vs. Capcom: Card Fighters' Clash,https://www.metacritic.com/game/switch/snk-vs-capcom-card-fighters-clash,Switch,84,5
Two Point Campus,https://www.metacritic.com/game/xbox-series-x/two-point-campus,Xbox Series X,84,6.7
Red Matter 2,https://www.metacritic.com/game/pc/red-matter-2,PC,84,8
Nobody Saves the World,https://www.metacritic.com/game/switch/nobody-saves-the-world,Switch,84,8.1
Infernax,https://www.metacritic.com/game/pc/infernax,PC,84,7.2
Gordian Quest,https://www.metacritic.com/game/pc/gordian-quest,PC,84,8.2
Infernax,https://www.metacritic.com/game/switch/infernax,Switch,84,7.6
Patrick's Parabox,https://www.metacritic.com/game/pc/patricks-parabox,PC,84,8.7
Retro Bowl,https://www.metacritic.com/game/switch/retro-bowl,Switch,84,6.6
Azure Striker Gunvolt 3,https://www.metacritic.com/game/switch/azure-striker-gunvolt-3,Switch,83,7.5
Crusader Kings III,https://www.metacritic.com/game/xbox-series-x/crusader-kings-iii,Xbox Series X,83,6.2
Teenage Mutant Ninja Turtles: The Cowabunga Collection,https://www.metacritic.com/game/switch/teenage-mutant-ninja-turtles-the-cowabunga-collection,Switch,83,7.6
Splatoon 3,https://www.metacritic.com/game/switch/splatoon-3,Switch,83,7.3
Strange Horticulture,https://www.metacritic.com/game/pc/strange-horticulture,PC,83,5.8
Two Point Campus,https://www.metacritic.com/game/pc/two-point-campus,PC,83,7.1
Stray,https://www.metacritic.com/game/playstation-5/stray,PlayStation 5,83,8.6
Moss: Book II,https://www.metacritic.com/game/playstation-4/moss-book-ii,PlayStation 4,83,7.9
Record of Lodoss War: Deedlit in Wonder Labyrinth,https://www.metacritic.com/game/switch/record-of-lodoss-war-deedlit-in-wonder-labyrinth,Switch,83,7.2
Atelier Sophie 2: The Alchemist of the Mysterious Dream,https://www.metacritic.com/game/pc/atelier-sophie-2-the-alchemist-of-the-mysterious-dream,PC,83,9
Pokemon Legends: Arceus,https://www.metacritic.com/game/switch/pokemon-legends-arceus,Switch,83,8.2
Triangle Strategy,https://www.metacritic.com/game/switch/triangle-strategy,Switch,83,8.1
Stray,https://www.metacritic.com/game/pc/stray,PC,83,8.5
Infernax,https://www.metacritic.com/game/playstation-4/infernax,PlayStation 4,83,7.6
Grounded,https://www.metacritic.com/game/xbox-series-x/grounded,Xbox Series X,83,8.4
Two Point Campus,https://www.metacritic.com/game/playstation-5/two-point-campus,PlayStation 5,83,4.9
Crusader Kings III: The Royal Court,https://www.metacritic.com/game/pc/crusader-kings-iii-the-royal-court,PC,83,6.3
Not For Broadcast,https://www.metacritic.com/game/pc/not-for-broadcast,PC,82,8.3
Lost in Play,https://www.metacritic.com/game/pc/lost-in-play,PC,82,7.7
Atelier Sophie 2: The Alchemist of the Mysterious Dream,https://www.metacritic.com/game/playstation-4/atelier-sophie-2-the-alchemist-of-the-mysterious-dream,PlayStation 4,82,9
