Geography  ,Race,Total 2016,Amount 2016,Total 2017,Amount 2017,Total 2018,Amount 2018,Total 2019,Amount 2019,Total 2020,Amount 2020
Adams,White,463,148,429,139,443,130,416,124,407,103
Adams,Black,463,309,429,286,443,306,416,288,407,299
Adams,Other,463,NA,429,NA,443,6,416,NA,407,NA
Adams,Unknown,463,NA,429,NA,443,NA,416,NA,407,NA
Alcorn,White,448,364,440,366,437,375,435,358,439,356
Alcorn,Black,448,77,440,65,437,56,435,68,439,78
Alcorn,Other,448,6,440,9,437,6,435,9,439,NA
Alcorn,Unknown,448,NA,440,NA,437,NA,435,NA,439,NA
Amite,White,141,73,148,80,145,77,136,72,140,77
Amite,Black,141,66,148,65,145,66,136,64,140,62
Amite,Other,141,NA,148,NA,145,NA,136,NA,140,NA
Amite,Unknown,141,NA,148,NA,145,NA,136,NA,140,NA
Attala,White,281,123,261,119,249,110,273,111,242,108
Attala,Black,281,157,261,139,249,139,273,159,242,129
Attala,Other,281,NA,261,NA,249,NA,273,NA,242,NA
Attala,Unknown,281,NA,261,NA,249,NA,273,NA,242,NA
Benton,White,116,70,113,73,94,57,103,68,91,61
Benton,Black,116,46,113,36,94,36,103,35,91,29
Benton,Other,116,NA,113,NA,94,NA,103,NA,91,NA
Benton,Unknown,116,NA,113,NA,94,NA,103,NA,91,NA
Bolivar,White,510,140,530,155,471,125,525,132,447,112
Bolivar,Black,510,367,530,367,471,340,525,384,447,329
Bolivar,Other,510,NA,530,7,471,NA,525,9,447,6
Bolivar,Unknown,510,NA,530,NA,471,NA,525,NA,447,NA
Calhoun,White,164,120,178,97,196,128,183,122,173,120
Calhoun,Black,164,44,178,81,196,67,183,58,173,53
Calhoun,Other,164,NA,178,NA,196,NA,183,NA,173,NA
Calhoun,Unknown,164,NA,178,NA,196,NA,183,NA,173,NA
Carroll,White,88,45,102,59,89,55,107,57,86,48
Carroll,Black,88,42,102,42,89,34,107,49,86,37
Carroll,Other,88,NA,102,NA,89,NA,107,NA,86,NA
Carroll,Unknown,88,NA,102,NA,89,NA,107,NA,86,NA
Chickasaw,White,265,120,263,123,259,126,277,136,248,124
Chickasaw,Black,265,144,263,137,259,132,277,139,248,121
Chickasaw,Other,265,NA,263,NA,259,NA,277,NA,248,NA
Chickasaw,Unknown,265,NA,263,NA,259,NA,277,NA,248,NA
Choctaw,White,91,55,96,70,82,50,105,67,84,49
Choctaw,Black,91,35,96,26,82,31,105,36,84,33
Choctaw,Other,91,NA,96,NA,82,NA,105,NA,84,NA
Choctaw,Unknown,91,NA,96,NA,82,NA,105,NA,84,NA
Claiborne,White,149,8,142,9,155,8,151,7,162,9
Claiborne,Black,149,140,142,132,155,147,151,143,162,153
Claiborne,Other,149,NA,142,NA,155,NA,151,NA,162,NA
Claiborne,Unknown,149,NA,142,NA,155,NA,151,NA,162,NA
Clarke,White,212,131,221,133,229,121,196,112,235,146
Clarke,Black,212,77,221,85,229,102,196,79,235,88
Clarke,Other,212,NA,221,NA,229,6,196,NA,235,NA
Clarke,Unknown,212,NA,221,NA,229,NA,196,NA,235,NA
Clay,White,278,80,269,72,268,70,309,102,307,75
Clay,Black,278,195,269,195,268,197,309,201,307,230
Clay,Other,278,NA,269,NA,268,NA,309,6,307,NA
Clay,Unknown,278,NA,269,NA,268,NA,309,NA,307,NA
Coahoma,White,394,42,439,57,423,52,382,63,372,50
Coahoma,Black,394,350,439,382,423,368,382,319,372,322
Coahoma,Other,394,NA,439,NA,423,NA,382,NA,372,NA
Coahoma,Unknown,394,NA,439,NA,423,NA,382,NA,372,NA
Copiah,White,410,154,399,161,416,165,427,176,395,160
Copiah,Black,410,251,399,235,416,247,427,248,395,230
Copiah,Other,410,NA,399,NA,416,NA,427,NA,395,NA
Copiah,Unknown,410,NA,399,NA,416,NA,427,NA,395,NA
Covington,White,286,167,281,152,259,136,254,144,295,150
Covington,Black,286,116,281,126,259,120,254,104,295,141
Covington,Other,286,NA,281,NA,259,NA,254,6,295,NA
Covington,Unknown,286,NA,281,NA,259,NA,254,NA,295,NA
DeSoto,White,2474,1568,2451,1516,2469,1485,2512,1469,2627,1422
DeSoto,Black,2474,819,2451,858,2469,896,2512,955,2627,1100
DeSoto,Other,2474,81,2451,68,2469,80,2512,88,2627,98
DeSoto,Unknown,2474,6,2451,9,2469,8,2512,NA,2627,7
Forrest,White,1140,564,1133,542,1201,583,1209,577,1178,592
Forrest,Black,1140,538,1133,568,1201,587,1209,599,1178,563
Forrest,Other,1140,34,1133,22,1201,31,1209,33,1178,23
Forrest,Unknown,1140,NA,1133,NA,1201,NA,1209,NA,1178,NA
Franklin,White,94,38,95,50,94,51,101,53,101,47
Franklin,Black,94,55,95,42,94,43,101,48,101,53
Franklin,Other,94,NA,95,NA,94,NA,101,NA,101,NA
Franklin,Unknown,94,NA,95,NA,94,NA,101,NA,101,NA
George,White,398,370,340,317,370,327,350,317,337,301
George,Black,398,25,340,19,370,36,350,25,337,31
George,Other,398,NA,340,NA,370,7,350,8,337,NA
George,Unknown,398,NA,340,NA,370,NA,350,NA,337,NA
Greene,White,142,119,157,125,144,110,128,111,146,120
Greene,Black,142,21,157,29,144,32,128,16,146,23
Greene,Other,142,NA,157,NA,144,NA,128,NA,146,NA
Greene,Unknown,142,NA,157,NA,144,NA,128,NA,146,NA
Grenada,White,347,150,296,119,289,127,315,138,278,120
Grenada,Black,347,194,296,175,289,158,315,172,278,157
Grenada,Other,347,NA,296,NA,289,NA,315,NA,278,NA
Grenada,Unknown,347,NA,296,NA,289,NA,315,NA,278,NA
Hancock,White,516,444,473,408,514,447,521,453,454,387
Hancock,Black,516,52,473,45,514,50,521,49,454,55
Hancock,Other,516,17,473,20,514,15,521,18,454,12
Hancock,Unknown,516,NA,473,NA,514,NA,521,NA,454,NA
Harrison,White,3013,1874,2814,1738,2958,1833,2912,1780,2667,1620
Harrison,Black,3013,947,2814,899,2958,954,2912,962,2667,870
Harrison,Other,3013,185,2814,172,2958,164,2912,169,2667,177
Harrison,Unknown,3013,7,2814,NA,2958,7,2912,NA,2667,NA
Hinds,White,4020,780,3979,721,3886,718,3844,709,3776,741
Hinds,Black,4020,3159,3979,3187,3886,3099,3844,3070,3776,2968
Hinds,Other,4020,67,3979,71,3886,68,3844,64,3776,67
Hinds,Unknown,4020,14,3979,NA,3886,NA,3844,NA,3776,NA
Holmes,White,300,19,297,20,289,19,289,16,318,24
Holmes,Black,300,279,297,277,289,270,289,273,318,293
Holmes,Other,300,NA,297,NA,289,NA,289,NA,318,NA
Holmes,Unknown,300,NA,297,NA,289,NA,289,NA,318,NA
Humphreys,White,126,18,120,14,124,12,108,NA,110,11
Humphreys,Black,126,108,120,106,124,112,108,103,110,99
Humphreys,Other,126,NA,120,NA,124,NA,108,NA,110,NA
Humphreys,Unknown,126,NA,120,NA,124,NA,108,NA,110,NA
Issaquena,White,15,NA,17,NA,14,NA,9,NA,15,NA
Issaquena,Black,15,10,17,12,14,9,9,6,15,10
Issaquena,Other,15,NA,17,NA,14,NA,9,NA,15,NA
Issaquena,Unknown,15,NA,17,NA,14,NA,9,NA,15,NA
Itawamba,White,291,267,262,242,298,266,256,237,265,244
Itawamba,Black,291,22,262,15,298,28,256,16,265,17
Itawamba,Other,291,NA,262,NA,298,NA,256,NA,265,NA
Itawamba,Unknown,291,NA,262,NA,298,NA,256,NA,265,NA
Jackson,White,1749,1212,1719,1212,1717,1188,1715,1161,1652,1166
Jackson,Black,1749,452,1719,437,1717,445,1715,468,1652,407
Jackson,Other,1749,85,1719,70,1717,84,1715,84,1652,79
Jackson,Unknown,1749,NA,1719,NA,1717,NA,1715,NA,1652,NA
Jasper,White,226,90,205,76,198,69,231,85,211,85
Jasper,Black,226,134,205,128,198,128,231,142,211,125
Jasper,Other,226,NA,205,NA,198,NA,231,NA,211,NA
Jasper,Unknown,226,NA,205,NA,198,NA,231,NA,211,NA
Jefferson,White,117,NA,121,6,109,11,119,11,107,NA
Jefferson,Black,117,112,121,115,109,98,119,108,107,102
Jefferson,Other,117,NA,121,NA,109,NA,119,NA,107,NA
Jefferson,Unknown,117,NA,121,NA,109,NA,119,NA,107,NA
Jefferson Davis,White,136,48,146,40,147,50,126,41,133,38
Jefferson Davis,Black,136,87,146,105,147,96,126,84,133,93
Jefferson Davis,Other,136,NA,146,NA,147,NA,126,NA,133,NA
Jefferson Davis,Unknown,136,NA,146,NA,147,NA,126,NA,133,NA
Jones,White,1031,635,924,568,1042,652,984,588,966,568
Jones,Black,1031,380,924,343,1042,370,984,374,966,383
Jones,Other,1031,15,924,13,1042,19,984,22,966,15
Jones,Unknown,1031,NA,924,NA,1042,NA,984,NA,966,NA
Kemper,White,98,29,103,21,106,29,109,25,99,27
Kemper,Black,98,69,103,80,106,77,109,83,99,70
Kemper,Other,98,NA,103,NA,106,NA,109,NA,99,NA
Kemper,Unknown,98,NA,103,NA,106,NA,109,NA,99,NA
Lafayette,White,650,433,652,432,621,414,653,414,624,374
Lafayette,Black,650,189,652,191,621,186,653,214,624,220
Lafayette,Other,650,26,652,26,621,19,653,25,624,30
Lafayette,Unknown,650,NA,652,NA,621,NA,653,NA,624,NA
Lamar,White,852,596,917,631,859,570,813,582,848,561
Lamar,Black,852,233,917,253,859,263,813,201,848,258
Lamar,Other,852,21,917,33,859,26,813,30,848,29
Lamar,Unknown,852,NA,917,NA,859,NA,813,NA,848,NA
Lauderdale,White,1109,474,1103,483,1051,482,1022,445,978,412
Lauderdale,Black,1109,603,1103,591,1051,552,1022,554,978,540
Lauderdale,Other,1109,28,1103,28,1051,16,1022,23,978,26
Lauderdale,Unknown,1109,NA,1103,NA,1051,NA,1022,NA,978,NA
Lawrence,White,183,124,181,94,155,81,155,104,144,86
Lawrence,Black,183,58,181,86,155,71,155,51,144,58
Lawrence,Other,183,NA,181,NA,155,NA,155,NA,144,NA
Lawrence,Unknown,183,NA,181,NA,155,NA,155,NA,144,NA
Leake,White,342,148,331,170,358,164,365,163,366,175
Leake,Black,342,159,331,137,358,158,365,155,366,148
Leake,Other,342,33,331,24,358,36,365,47,366,43
Leake,Unknown,342,NA,331,NA,358,NA,365,NA,366,NA
Lee,White,1312,750,1302,708,1235,693,1218,674,1239,667
Lee,Black,1312,533,1302,561,1235,517,1218,514,1239,550
Lee,Other,1312,27,1302,30,1235,23,1218,30,1239,21
Lee,Unknown,1312,NA,1302,NA,1235,NA,1218,NA,1239,NA
Leflore,White,537,98,553,91,491,80,503,80,533,93
Leflore,Black,537,434,553,458,491,406,503,422,533,438
Leflore,Other,537,NA,553,NA,491,NA,503,NA,533,NA
Leflore,Unknown,537,NA,553,NA,491,NA,503,NA,533,NA
Lincoln,White,464,301,458,290,463,286,404,244,426,273
Lincoln,Black,464,158,458,159,463,170,404,152,426,149
Lincoln,Other,464,NA,458,9,463,7,404,8,426,NA
Lincoln,Unknown,464,NA,458,NA,463,NA,404,NA,426,NA
Lowndes,White,931,420,891,374,976,461,912,396,850,359
Lowndes,Black,931,491,891,498,976,498,912,499,850,475
Lowndes,Other,931,19,891,19,976,17,912,17,850,15
Lowndes,Unknown,931,NA,891,NA,976,NA,912,NA,850,NA
Madison,White,1540,774,1487,753,1558,792,1660,859,1489,720
Madison,Black,1540,680,1487,664,1558,697,1660,737,1489,704
Madison,Other,1540,77,1487,70,1558,68,1660,64,1489,65
Madison,Unknown,1540,9,1487,NA,1558,NA,1660,NA,1489,NA
Marion,White,339,204,295,196,321,212,322,210,272,174
Marion,Black,339,129,295,98,321,103,322,108,272,93
Marion,Other,339,6,295,NA,321,NA,322,NA,272,NA
Marion,Unknown,339,NA,295,NA,321,NA,322,NA,272,NA
Marshall,White,481,225,460,202,511,225,486,227,504,250
Marshall,Black,481,251,460,254,511,279,486,257,504,245
Marshall,Other,481,NA,460,NA,511,7,486,NA,504,NA
Marshall,Unknown,481,NA,460,NA,511,NA,486,NA,504,NA
Monroe,White,447,289,457,295,413,264,461,288,487,274
Monroe,Black,447,150,457,159,413,145,461,164,487,209
Monroe,Other,447,7,457,NA,413,NA,461,8,487,NA
Monroe,Unknown,447,NA,457,NA,413,NA,461,NA,487,NA
Montgomery,White,152,58,154,64,155,69,133,68,140,57
Montgomery,Black,152,93,154,89,155,85,133,65,140,82
Montgomery,Other,152,NA,154,NA,155,NA,133,NA,140,NA
Montgomery,Unknown,152,NA,154,NA,155,NA,133,NA,140,NA
Neshoba,White,447,217,481,233,474,212,449,219,457,199
Neshoba,Black,447,116,481,109,474,129,449,102,457,120
Neshoba,Other,447,113,481,139,474,133,449,127,457,138
Neshoba,Unknown,447,NA,481,NA,474,NA,449,NA,457,NA
Newton,White,320,170,336,167,301,161,294,153,326,156
Newton,Black,320,111,336,130,301,109,294,101,326,125
Newton,Other,320,38,336,39,301,31,294,40,326,45
Newton,Unknown,320,NA,336,NA,301,NA,294,NA,326,NA
Noxubee,White,179,38,233,46,183,39,184,50,192,48
Noxubee,Black,179,141,233,187,183,143,184,133,192,143
Noxubee,Other,179,NA,233,NA,183,NA,184,NA,192,NA
Noxubee,Unknown,179,NA,233,NA,183,NA,184,NA,192,NA
Oktibbeha,White,691,326,695,324,647,289,635,272,663,266
Oktibbeha,Black,691,334,695,335,647,334,635,319,663,353
Oktibbeha,Other,691,31,695,36,647,23,635,44,663,43
Oktibbeha,Unknown,691,NA,695,NA,647,NA,635,NA,663,NA
Panola,White,591,243,558,202,584,207,546,189,521,207
Panola,Black,591,347,558,348,584,374,546,354,521,311
Panola,Other,591,NA,558,8,584,NA,546,NA,521,NA
Panola,Unknown,591,NA,558,NA,584,NA,546,NA,521,NA
Pearl River,White,645,546,674,553,659,548,658,557,634,531
Pearl River,Black,645,87,674,105,659,93,658,89,634,90
Pearl River,Other,645,12,674,16,659,17,658,12,634,13
Pearl River,Unknown,645,NA,674,NA,659,NA,658,NA,634,NA
Perry,White,144,109,142,107,148,116,155,124,128,104
Perry,Black,144,35,142,31,148,32,155,29,128,23
Perry,Other,144,NA,142,NA,148,NA,155,NA,128,NA
Perry,Unknown,144,NA,142,NA,148,NA,155,NA,128,NA
Pike,White,604,235,639,216,623,200,589,191,575,192
Pike,Black,604,364,639,412,623,415,589,389,575,374
Pike,Other,604,NA,639,10,623,8,589,9,575,9
Pike,Unknown,604,NA,639,NA,623,NA,589,NA,575,NA
Pontotoc,White,489,424,433,374,485,412,468,389,446,375
Pontotoc,Black,489,60,433,58,485,68,468,78,446,66
Pontotoc,Other,489,NA,433,NA,485,NA,468,NA,446,NA
Pontotoc,Unknown,489,NA,433,NA,485,NA,468,NA,446,NA
Prentiss,White,347,283,316,267,320,267,293,242,287,236
Prentiss,Black,347,59,316,45,320,48,293,48,287,43
Prentiss,Other,347,NA,316,NA,320,NA,293,NA,287,8
Prentiss,Unknown,347,NA,316,NA,320,NA,293,NA,287,NA
Quitman,White,98,15,108,21,86,18,91,17,100,14
Quitman,Black,98,83,108,86,86,68,91,74,100,86
Quitman,Other,98,NA,108,NA,86,NA,91,NA,100,NA
Quitman,Unknown,98,NA,108,NA,86,NA,91,NA,100,NA
Rankin,White,2008,1467,1937,1410,1965,1457,1961,1369,1971,1385
Rankin,Black,2008,476,1937,457,1965,449,1961,522,1971,519
Rankin,Other,2008,55,1937,70,1965,59,1961,70,1971,66
Rankin,Unknown,2008,10,1937,NA,1965,NA,1961,NA,1971,NA
Scott,White,536,309,536,316,509,306,539,322,563,331
Scott,Black,536,218,536,207,509,195,539,207,563,221
Scott,Other,536,NA,536,13,509,6,539,8,563,11
Scott,Unknown,536,NA,536,NA,509,NA,539,NA,563,NA
Sharkey,White,50,11,83,7,74,13,61,7,69,7
Sharkey,Black,50,39,83,76,74,60,61,54,69,62
Sharkey,Other,50,NA,83,NA,74,NA,61,NA,69,NA
Sharkey,Unknown,50,NA,83,NA,74,NA,61,NA,69,NA
Simpson,White,326,188,327,192,373,226,358,189,334,187
Simpson,Black,326,132,327,126,373,139,358,166,334,144
Simpson,Other,326,6,327,9,373,8,358,NA,334,NA
Simpson,Unknown,326,NA,327,NA,373,NA,358,NA,334,NA
Smith,White,198,125,195,129,214,130,204,138,194,138
Smith,Black,198,73,195,65,214,82,204,63,194,55
Smith,Other,198,NA,195,NA,214,NA,204,NA,194,NA
Smith,Unknown,198,NA,195,NA,214,NA,204,NA,194,NA
Stone,White,233,189,221,162,220,160,240,191,226,176
Stone,Black,233,36,221,51,220,54,240,46,226,44
Stone,Other,233,NA,221,8,220,6,240,NA,226,6
Stone,Unknown,233,NA,221,NA,220,NA,240,NA,226,NA
Sunflower,White,346,44,360,52,335,50,351,65,361,60
Sunflower,Black,346,300,360,305,335,282,351,284,361,296
Sunflower,Other,346,NA,360,NA,335,NA,351,NA,361,NA
Sunflower,Unknown,346,NA,360,NA,335,NA,351,NA,361,NA
Tallahatchie,White,165,52,180,59,190,39,174,47,149,45
Tallahatchie,Black,165,113,180,121,190,151,174,126,149,103
Tallahatchie,Other,165,NA,180,NA,190,NA,174,NA,149,NA
Tallahatchie,Unknown,165,NA,180,NA,190,NA,174,NA,149,NA
Tate,White,377,228,398,251,403,247,416,247,357,229
Tate,Black,377,147,398,146,403,151,416,164,357,124
Tate,Other,377,NA,398,NA,403,NA,416,NA,357,NA
Tate,Unknown,377,NA,398,NA,403,NA,416,NA,357,NA
Tippah,White,282,237,290,227,269,214,266,224,269,224
Tippah,Black,282,45,290,62,269,54,266,42,269,42
Tippah,Other,282,NA,290,NA,269,NA,266,NA,269,NA
Tippah,Unknown,282,NA,290,NA,269,NA,266,NA,269,NA
Tishomingo,White,222,217,220,210,207,205,200,194,196,191
Tishomingo,Black,222,NA,220,7,207,NA,200,NA,196,NA
Tishomingo,Other,222,NA,220,NA,207,NA,200,NA,196,NA
Tishomingo,Unknown,222,NA,220,NA,207,NA,200,NA,196,NA
Tunica,White,217,26,208,25,202,30,195,21,181,24
Tunica,Black,217,189,208,181,202,168,195,174,181,155
Tunica,Other,217,NA,208,NA,202,NA,195,NA,181,NA
Tunica,Unknown,217,NA,208,NA,202,NA,195,NA,181,NA
Union,White,412,328,391,305,377,296,359,292,363,284
Union,Black,412,82,391,82,377,78,359,62,363,77
Union,Other,412,NA,391,NA,377,NA,359,NA,363,NA
Union,Unknown,412,NA,391,NA,377,NA,359,NA,363,NA
Walthall,White,184,89,192,83,188,83,178,76,177,83
Walthall,Black,184,94,192,107,188,101,178,101,177,92
Walthall,Other,184,NA,192,NA,188,NA,178,NA,177,NA
Walthall,Unknown,184,NA,192,NA,188,NA,178,NA,177,NA
Warren,White,709,263,735,256,700,270,678,260,641,232
Warren,Black,709,439,735,465,700,421,678,405,641,400
Warren,Other,709,6,735,14,700,9,678,13,641,9
Warren,Unknown,709,NA,735,NA,700,NA,678,NA,641,NA
Washington,White,757,143,718,124,668,98,714,135,702,111
Washington,Black,757,601,718,583,668,559,714,569,702,579
Washington,Other,757,13,718,11,668,10,714,9,702,11
Washington,Unknown,757,NA,718,NA,668,NA,714,NA,702,NA
Wayne,White,317,175,282,141,281,139,313,154,313,154
Wayne,Black,317,141,282,139,281,141,313,157,313,157
Wayne,Other,317,NA,282,NA,281,NA,313,NA,313,NA
Wayne,Unknown,317,NA,282,NA,281,NA,313,NA,313,NA
Webster,White,141,115,120,90,137,107,128,104,135,101
Webster,Black,141,26,120,29,137,28,128,23,135,33
Webster,Other,141,NA,120,NA,137,NA,128,NA,135,NA
Webster,Unknown,141,NA,120,NA,137,NA,128,NA,135,NA
Wilkinson,White,106,30,107,15,101,23,114,19,100,21
Wilkinson,Black,106,76,107,91,101,78,114,94,100,79
Wilkinson,Other,106,NA,107,NA,101,NA,114,NA,100,NA
Wilkinson,Unknown,106,NA,107,NA,101,NA,114,NA,100,NA
Winston,White,230,111,195,63,233,101,212,73,241,98
Winston,Black,230,111,195,121,233,125,212,136,241,131
Winston,Other,230,7,195,11,233,7,212,NA,241,12
Winston,Unknown,230,NA,195,NA,233,NA,212,NA,241,NA
Yalobusha,White,169,88,175,91,170,96,178,88,183,102
Yalobusha,Black,169,79,175,83,170,72,178,86,183,80
Yalobusha,Other,169,NA,175,NA,170,NA,178,NA,183,NA
Yalobusha,Unknown,169,NA,175,NA,170,NA,178,NA,183,NA
Yazoo,White,378,96,377,89,405,114,396,82,417,123
Yazoo,Black,378,276,377,285,405,289,396,307,417,292
Yazoo,Other,378,6,377,NA,405,NA,396,7,417,NA
Yazoo,Unknown,378,NA,377,NA,405,NA,396,NA,417,NA
Total,White,42786,22106,42066,21195,42082,21433,41821,21084,40934,20379
Total,Black,42786,19475,42066,19672,42082,19497,41821,19529,40934,19344
Total,Other,42786,1114,42066,1169,42082,1110,41821,1197,40934,1190
Total,Unknown,42786,91,42066,30,42082,42,41821,11,40934,21
