Geography  ,Race,Total 2016,Amount 2016,Total 2017,Amount 2017,Total 2018,Amount 2018,Total 2019,Amount 2019,Total 2020,Amount 2020
Adams,White,NA,NA,NA,NA,NA,NA,NA,NA,NA,NA
Adams,Black,NA,NA,NA,NA,NA,NA,NA,NA,NA,NA
Adams,Other,NA,NA,NA,NA,NA,NA,NA,NA,NA,NA
Adams,Unknown,NA,NA,NA,NA,NA,NA,NA,NA,NA,NA
Alcorn,White,NA,NA,NA,NA,NA,NA,NA,NA,NA,NA
Alcorn,Black,NA,NA,NA,NA,NA,NA,NA,NA,NA,NA
Alcorn,Other,NA,NA,NA,NA,NA,NA,NA,NA,NA,NA
Alcorn,Unknown,NA,NA,NA,NA,NA,NA,NA,NA,NA,NA
Amite,White,NA,NA,NA,NA,NA,NA,NA,NA,NA,NA
Amite,Black,NA,NA,NA,NA,NA,NA,NA,NA,NA,NA
Amite,Other,NA,NA,NA,NA,NA,NA,NA,NA,NA,NA
Amite,Unknown,NA,NA,NA,NA,NA,NA,NA,NA,NA,NA
Attala,White,NA,NA,NA,NA,NA,NA,NA,NA,NA,NA
Attala,Black,NA,NA,NA,NA,NA,NA,NA,NA,NA,NA
Attala,Other,NA,NA,NA,NA,NA,NA,NA,NA,NA,NA
Attala,Unknown,NA,NA,NA,NA,NA,NA,NA,NA,NA,NA
Benton,White,NA,NA,NA,NA,NA,NA,NA,NA,NA,NA
Benton,Black,NA,NA,NA,NA,NA,NA,NA,NA,NA,NA
Benton,Other,NA,NA,NA,NA,NA,NA,NA,NA,NA,NA
Benton,Unknown,NA,NA,NA,NA,NA,NA,NA,NA,NA,NA
Bolivar,White,9,NA,6,NA,7,NA,NA,NA,NA,NA
Bolivar,Black,9,7,6,NA,7,7,NA,NA,NA,NA
Bolivar,Other,9,NA,6,NA,7,NA,NA,NA,NA,NA
Bolivar,Unknown,9,NA,6,NA,7,NA,NA,NA,NA,NA
Calhoun,White,NA,NA,NA,NA,NA,NA,NA,NA,NA,NA
Calhoun,Black,NA,NA,NA,NA,NA,NA,NA,NA,NA,NA
Calhoun,Other,NA,NA,NA,NA,NA,NA,NA,NA,NA,NA
Calhoun,Unknown,NA,NA,NA,NA,NA,NA,NA,NA,NA,NA
Carroll,White,NA,NA,NA,NA,NA,NA,NA,NA,NA,NA
Carroll,Black,NA,NA,NA,NA,NA,NA,NA,NA,NA,NA
Carroll,Other,NA,NA,NA,NA,NA,NA,NA,NA,NA,NA
Carroll,Unknown,NA,NA,NA,NA,NA,NA,NA,NA,NA,NA
Chickasaw,White,NA,NA,NA,NA,NA,NA,NA,NA,NA,NA
Chickasaw,Black,NA,NA,NA,NA,NA,NA,NA,NA,NA,NA
Chickasaw,Other,NA,NA,NA,NA,NA,NA,NA,NA,NA,NA
Chickasaw,Unknown,NA,NA,NA,NA,NA,NA,NA,NA,NA,NA
Choctaw,White,NA,NA,NA,NA,NA,NA,NA,NA,NA,NA
Choctaw,Black,NA,NA,NA,NA,NA,NA,NA,NA,NA,NA
Choctaw,Other,NA,NA,NA,NA,NA,NA,NA,NA,NA,NA
Choctaw,Unknown,NA,NA,NA,NA,NA,NA,NA,NA,NA,NA
Claiborne,White,NA,NA,NA,NA,NA,NA,NA,NA,NA,NA
Claiborne,Black,NA,NA,NA,NA,NA,NA,NA,NA,NA,NA
Claiborne,Other,NA,NA,NA,NA,NA,NA,NA,NA,NA,NA
Claiborne,Unknown,NA,NA,NA,NA,NA,NA,NA,NA,NA,NA
Clarke,White,NA,NA,NA,NA,NA,NA,NA,NA,NA,NA
Clarke,Black,NA,NA,NA,NA,NA,NA,NA,NA,NA,NA
Clarke,Other,NA,NA,NA,NA,NA,NA,NA,NA,NA,NA
Clarke,Unknown,NA,NA,NA,NA,NA,NA,NA,NA,NA,NA
Clay,White,NA,NA,NA,NA,NA,NA,NA,NA,NA,NA
Clay,Black,NA,NA,NA,NA,NA,NA,NA,NA,NA,NA
Clay,Other,NA,NA,NA,NA,NA,NA,NA,NA,NA,NA
Clay,Unknown,NA,NA,NA,NA,NA,NA,NA,NA,NA,NA
Coahoma,White,6,NA,NA,NA,NA,NA,NA,NA,7,NA
Coahoma,Black,6,6,NA,NA,NA,NA,NA,NA,7,6
Coahoma,Other,6,NA,NA,NA,NA,NA,NA,NA,7,NA
Coahoma,Unknown,6,NA,NA,NA,NA,NA,NA,NA,7,NA
Copiah,White,NA,NA,9,NA,NA,NA,9,NA,NA,NA
Copiah,Black,NA,NA,9,NA,NA,NA,9,NA,NA,NA
Copiah,Other,NA,NA,9,NA,NA,NA,9,NA,NA,NA
Copiah,Unknown,NA,NA,9,NA,NA,NA,9,NA,NA,NA
Covington,White,NA,NA,NA,NA,NA,NA,NA,NA,NA,NA
Covington,Black,NA,NA,NA,NA,NA,NA,NA,NA,NA,NA
Covington,Other,NA,NA,NA,NA,NA,NA,NA,NA,NA,NA
Covington,Unknown,NA,NA,NA,NA,NA,NA,NA,NA,NA,NA
DeSoto,White,16,7,13,NA,10,NA,11,7,12,NA
DeSoto,Black,16,8,13,9,10,6,11,NA,12,NA
DeSoto,Other,16,NA,13,NA,10,NA,11,NA,12,NA
DeSoto,Unknown,16,NA,13,NA,10,NA,11,NA,12,NA
Forrest,White,15,NA,9,NA,10,NA,11,NA,17,NA
Forrest,Black,15,11,9,9,10,7,11,7,17,13
Forrest,Other,15,NA,9,NA,10,NA,11,NA,17,NA
Forrest,Unknown,15,NA,9,NA,10,NA,11,NA,17,NA
Franklin,White,NA,NA,NA,NA,NA,NA,NA,NA,NA,NA
Franklin,Black,NA,NA,NA,NA,NA,NA,NA,NA,NA,NA
Franklin,Other,NA,NA,NA,NA,NA,NA,NA,NA,NA,NA
Franklin,Unknown,NA,NA,NA,NA,NA,NA,NA,NA,NA,NA
George,White,NA,NA,NA,NA,NA,NA,NA,NA,NA,NA
George,Black,NA,NA,NA,NA,NA,NA,NA,NA,NA,NA
George,Other,NA,NA,NA,NA,NA,NA,NA,NA,NA,NA
George,Unknown,NA,NA,NA,NA,NA,NA,NA,NA,NA,NA
Greene,White,NA,NA,NA,NA,NA,NA,NA,NA,NA,NA
Greene,Black,NA,NA,NA,NA,NA,NA,NA,NA,NA,NA
Greene,Other,NA,NA,NA,NA,NA,NA,NA,NA,NA,NA
Greene,Unknown,NA,NA,NA,NA,NA,NA,NA,NA,NA,NA
Grenada,White,NA,NA,NA,NA,NA,NA,NA,NA,NA,NA
Grenada,Black,NA,NA,NA,NA,NA,NA,NA,NA,NA,NA
Grenada,Other,NA,NA,NA,NA,NA,NA,NA,NA,NA,NA
Grenada,Unknown,NA,NA,NA,NA,NA,NA,NA,NA,NA,NA
Hancock,White,NA,NA,NA,NA,NA,NA,NA,NA,NA,NA
Hancock,Black,NA,NA,NA,NA,NA,NA,NA,NA,NA,NA
Hancock,Other,NA,NA,NA,NA,NA,NA,NA,NA,NA,NA
Hancock,Unknown,NA,NA,NA,NA,NA,NA,NA,NA,NA,NA
Harrison,White,32,15,34,15,20,12,13,7,27,13
Harrison,Black,32,16,34,19,20,8,13,6,27,13
Harrison,Other,32,NA,34,NA,20,NA,13,NA,27,NA
Harrison,Unknown,32,NA,34,NA,20,NA,13,NA,27,NA
Hinds,White,54,NA,52,NA,51,NA,37,NA,41,7
Hinds,Black,54,51,52,47,51,45,37,34,41,34
Hinds,Other,54,NA,52,NA,51,NA,37,NA,41,NA
Hinds,Unknown,54,NA,52,NA,51,NA,37,NA,41,NA
Holmes,White,NA,NA,NA,NA,NA,NA,NA,NA,6,NA
Holmes,Black,NA,NA,NA,NA,NA,NA,NA,NA,6,6
Holmes,Other,NA,NA,NA,NA,NA,NA,NA,NA,6,NA
Holmes,Unknown,NA,NA,NA,NA,NA,NA,NA,NA,6,NA
Humphreys,White,NA,NA,NA,NA,NA,NA,NA,NA,NA,NA
Humphreys,Black,NA,NA,NA,NA,NA,NA,NA,NA,NA,NA
Humphreys,Other,NA,NA,NA,NA,NA,NA,NA,NA,NA,NA
Humphreys,Unknown,NA,NA,NA,NA,NA,NA,NA,NA,NA,NA
Issaquena,White,NA,NA,NA,NA,NA,NA,NA,NA,NA,NA
Issaquena,Black,NA,NA,NA,NA,NA,NA,NA,NA,NA,NA
Issaquena,Other,NA,NA,NA,NA,NA,NA,NA,NA,NA,NA
Issaquena,Unknown,NA,NA,NA,NA,NA,NA,NA,NA,NA,NA
Itawamba,White,NA,NA,NA,NA,NA,NA,NA,NA,NA,NA
Itawamba,Black,NA,NA,NA,NA,NA,NA,NA,NA,NA,NA
Itawamba,Other,NA,NA,NA,NA,NA,NA,NA,NA,NA,NA
Itawamba,Unknown,NA,NA,NA,NA,NA,NA,NA,NA,NA,NA
Jackson,White,18,7,16,6,14,9,15,11,15,9
Jackson,Black,18,11,16,9,14,NA,15,NA,15,6
Jackson,Other,18,NA,16,NA,14,NA,15,NA,15,NA
Jackson,Unknown,18,NA,16,NA,14,NA,15,NA,15,NA
Jasper,White,NA,NA,NA,NA,NA,NA,NA,NA,NA,NA
Jasper,Black,NA,NA,NA,NA,NA,NA,NA,NA,NA,NA
Jasper,Other,NA,NA,NA,NA,NA,NA,NA,NA,NA,NA
Jasper,Unknown,NA,NA,NA,NA,NA,NA,NA,NA,NA,NA
Jefferson,White,NA,NA,NA,NA,NA,NA,NA,NA,NA,NA
Jefferson,Black,NA,NA,NA,NA,NA,NA,NA,NA,NA,NA
Jefferson,Other,NA,NA,NA,NA,NA,NA,NA,NA,NA,NA
Jefferson,Unknown,NA,NA,NA,NA,NA,NA,NA,NA,NA,NA
Jefferson Davis,White,NA,NA,NA,NA,NA,NA,NA,NA,NA,NA
Jefferson Davis,Black,NA,NA,NA,NA,NA,NA,NA,NA,NA,NA
Jefferson Davis,Other,NA,NA,NA,NA,NA,NA,NA,NA,NA,NA
Jefferson Davis,Unknown,NA,NA,NA,NA,NA,NA,NA,NA,NA,NA
Jones,White,NA,NA,10,NA,7,NA,NA,NA,10,NA
Jones,Black,NA,NA,10,6,7,NA,NA,NA,10,NA
Jones,Other,NA,NA,10,NA,7,NA,NA,NA,10,NA
Jones,Unknown,NA,NA,10,NA,7,NA,NA,NA,10,NA
Kemper,White,NA,NA,NA,NA,NA,NA,NA,NA,NA,NA
Kemper,Black,NA,NA,NA,NA,NA,NA,NA,NA,NA,NA
Kemper,Other,NA,NA,NA,NA,NA,NA,NA,NA,NA,NA
Kemper,Unknown,NA,NA,NA,NA,NA,NA,NA,NA,NA,NA
Lafayette,White,NA,NA,NA,NA,NA,NA,NA,NA,NA,NA
Lafayette,Black,NA,NA,NA,NA,NA,NA,NA,NA,NA,NA
Lafayette,Other,NA,NA,NA,NA,NA,NA,NA,NA,NA,NA
Lafayette,Unknown,NA,NA,NA,NA,NA,NA,NA,NA,NA,NA
Lamar,White,NA,NA,7,NA,NA,NA,NA,NA,7,NA
Lamar,Black,NA,NA,7,NA,NA,NA,NA,NA,7,NA
Lamar,Other,NA,NA,7,NA,NA,NA,NA,NA,7,NA
Lamar,Unknown,NA,NA,7,NA,NA,NA,NA,NA,7,NA
Lauderdale,White,13,NA,13,NA,13,NA,12,NA,NA,NA
Lauderdale,Black,13,12,13,10,13,9,12,11,NA,NA
Lauderdale,Other,13,NA,13,NA,13,NA,12,NA,NA,NA
Lauderdale,Unknown,13,NA,13,NA,13,NA,12,NA,NA,NA
Lawrence,White,NA,NA,NA,NA,NA,NA,NA,NA,NA,NA
Lawrence,Black,NA,NA,NA,NA,NA,NA,NA,NA,NA,NA
Lawrence,Other,NA,NA,NA,NA,NA,NA,NA,NA,NA,NA
Lawrence,Unknown,NA,NA,NA,NA,NA,NA,NA,NA,NA,NA
Leake,White,NA,NA,6,NA,NA,NA,NA,NA,NA,NA
Leake,Black,NA,NA,6,NA,NA,NA,NA,NA,NA,NA
Leake,Other,NA,NA,6,NA,NA,NA,NA,NA,NA,NA
Leake,Unknown,NA,NA,6,NA,NA,NA,NA,NA,NA,NA
Lee,White,6,NA,7,NA,6,NA,10,NA,15,NA
Lee,Black,6,NA,7,NA,6,6,10,NA,15,12
Lee,Other,6,NA,7,NA,6,NA,10,NA,15,NA
Lee,Unknown,6,NA,7,NA,6,NA,10,NA,15,NA
Leflore,White,NA,NA,7,NA,7,NA,7,NA,9,NA
Leflore,Black,NA,NA,7,NA,7,7,7,6,9,9
Leflore,Other,NA,NA,7,NA,7,NA,7,NA,9,NA
Leflore,Unknown,NA,NA,7,NA,7,NA,7,NA,9,NA
Lincoln,White,NA,NA,NA,NA,NA,NA,NA,NA,NA,NA
Lincoln,Black,NA,NA,NA,NA,NA,NA,NA,NA,NA,NA
Lincoln,Other,NA,NA,NA,NA,NA,NA,NA,NA,NA,NA
Lincoln,Unknown,NA,NA,NA,NA,NA,NA,NA,NA,NA,NA
Lowndes,White,11,NA,12,NA,6,NA,16,NA,7,NA
Lowndes,Black,11,8,12,11,6,NA,16,12,7,NA
Lowndes,Other,11,NA,12,NA,6,NA,16,NA,7,NA
Lowndes,Unknown,11,NA,12,NA,6,NA,16,NA,7,NA
Madison,White,NA,NA,13,NA,8,NA,11,NA,16,NA
Madison,Black,NA,NA,13,10,8,6,11,9,16,11
Madison,Other,NA,NA,13,NA,8,NA,11,NA,16,NA
Madison,Unknown,NA,NA,13,NA,8,NA,11,NA,16,NA
Marion,White,NA,NA,NA,NA,NA,NA,NA,NA,NA,NA
Marion,Black,NA,NA,NA,NA,NA,NA,NA,NA,NA,NA
Marion,Other,NA,NA,NA,NA,NA,NA,NA,NA,NA,NA
Marion,Unknown,NA,NA,NA,NA,NA,NA,NA,NA,NA,NA
Marshall,White,NA,NA,NA,NA,NA,NA,10,6,NA,NA
Marshall,Black,NA,NA,NA,NA,NA,NA,10,NA,NA,NA
Marshall,Other,NA,NA,NA,NA,NA,NA,10,NA,NA,NA
Marshall,Unknown,NA,NA,NA,NA,NA,NA,10,NA,NA,NA
Monroe,White,NA,NA,NA,NA,NA,NA,NA,NA,NA,NA
Monroe,Black,NA,NA,NA,NA,NA,NA,NA,NA,NA,NA
Monroe,Other,NA,NA,NA,NA,NA,NA,NA,NA,NA,NA
Monroe,Unknown,NA,NA,NA,NA,NA,NA,NA,NA,NA,NA
Montgomery,White,NA,NA,NA,NA,NA,NA,NA,NA,NA,NA
Montgomery,Black,NA,NA,NA,NA,NA,NA,NA,NA,NA,NA
Montgomery,Other,NA,NA,NA,NA,NA,NA,NA,NA,NA,NA
Montgomery,Unknown,NA,NA,NA,NA,NA,NA,NA,NA,NA,NA
Neshoba,White,8,NA,7,NA,NA,NA,NA,NA,NA,NA
Neshoba,Black,8,NA,7,NA,NA,NA,NA,NA,NA,NA
Neshoba,Other,8,NA,7,NA,NA,NA,NA,NA,NA,NA
Neshoba,Unknown,8,NA,7,NA,NA,NA,NA,NA,NA,NA
Newton,White,7,NA,NA,NA,7,NA,NA,NA,6,NA
Newton,Black,7,NA,NA,NA,7,NA,NA,NA,6,NA
Newton,Other,7,NA,NA,NA,7,NA,NA,NA,6,NA
Newton,Unknown,7,NA,NA,NA,7,NA,NA,NA,6,NA
Noxubee,White,NA,NA,NA,NA,NA,NA,NA,NA,NA,NA
Noxubee,Black,NA,NA,NA,NA,NA,NA,NA,NA,NA,NA
Noxubee,Other,NA,NA,NA,NA,NA,NA,NA,NA,NA,NA
Noxubee,Unknown,NA,NA,NA,NA,NA,NA,NA,NA,NA,NA
Oktibbeha,White,NA,NA,NA,NA,6,NA,NA,NA,NA,NA
Oktibbeha,Black,NA,NA,NA,NA,6,NA,NA,NA,NA,NA
Oktibbeha,Other,NA,NA,NA,NA,6,NA,NA,NA,NA,NA
Oktibbeha,Unknown,NA,NA,NA,NA,6,NA,NA,NA,NA,NA
Panola,White,15,NA,6,NA,NA,NA,NA,NA,10,NA
Panola,Black,15,13,6,NA,NA,NA,NA,NA,10,7
Panola,Other,15,NA,6,NA,NA,NA,NA,NA,10,NA
Panola,Unknown,15,NA,6,NA,NA,NA,NA,NA,10,NA
Pearl River,White,NA,NA,NA,NA,NA,NA,NA,NA,10,9
Pearl River,Black,NA,NA,NA,NA,NA,NA,NA,NA,10,NA
Pearl River,Other,NA,NA,NA,NA,NA,NA,NA,NA,10,NA
Pearl River,Unknown,NA,NA,NA,NA,NA,NA,NA,NA,10,NA
Perry,White,NA,NA,NA,NA,NA,NA,NA,NA,NA,NA
Perry,Black,NA,NA,NA,NA,NA,NA,NA,NA,NA,NA
Perry,Other,NA,NA,NA,NA,NA,NA,NA,NA,NA,NA
Perry,Unknown,NA,NA,NA,NA,NA,NA,NA,NA,NA,NA
Pike,White,6,NA,7,NA,9,NA,13,6,8,NA
Pike,Black,6,NA,7,NA,9,7,13,7,8,7
Pike,Other,6,NA,7,NA,9,NA,13,NA,8,NA
Pike,Unknown,6,NA,7,NA,9,NA,13,NA,8,NA
Pontotoc,White,NA,NA,NA,NA,NA,NA,NA,NA,NA,NA
Pontotoc,Black,NA,NA,NA,NA,NA,NA,NA,NA,NA,NA
Pontotoc,Other,NA,NA,NA,NA,NA,NA,NA,NA,NA,NA
Pontotoc,Unknown,NA,NA,NA,NA,NA,NA,NA,NA,NA,NA
Prentiss,White,NA,NA,NA,NA,NA,NA,NA,NA,NA,NA
Prentiss,Black,NA,NA,NA,NA,NA,NA,NA,NA,NA,NA
Prentiss,Other,NA,NA,NA,NA,NA,NA,NA,NA,NA,NA
Prentiss,Unknown,NA,NA,NA,NA,NA,NA,NA,NA,NA,NA
Quitman,White,NA,NA,NA,NA,NA,NA,NA,NA,NA,NA
Quitman,Black,NA,NA,NA,NA,NA,NA,NA,NA,NA,NA
Quitman,Other,NA,NA,NA,NA,NA,NA,NA,NA,NA,NA
Quitman,Unknown,NA,NA,NA,NA,NA,NA,NA,NA,NA,NA
Rankin,White,13,10,12,6,22,14,14,10,10,NA
Rankin,Black,13,NA,12,6,22,8,14,NA,10,NA
Rankin,Other,13,NA,12,NA,22,NA,14,NA,10,NA
Rankin,Unknown,13,NA,12,NA,22,NA,14,NA,10,NA
Scott,White,NA,NA,6,NA,NA,NA,7,NA,NA,NA
Scott,Black,NA,NA,6,NA,NA,NA,7,NA,NA,NA
Scott,Other,NA,NA,6,NA,NA,NA,7,NA,NA,NA
Scott,Unknown,NA,NA,6,NA,NA,NA,7,NA,NA,NA
Sharkey,White,NA,NA,NA,NA,NA,NA,NA,NA,NA,NA
Sharkey,Black,NA,NA,NA,NA,NA,NA,NA,NA,NA,NA
Sharkey,Other,NA,NA,NA,NA,NA,NA,NA,NA,NA,NA
Sharkey,Unknown,NA,NA,NA,NA,NA,NA,NA,NA,NA,NA
Simpson,White,NA,NA,NA,NA,NA,NA,NA,NA,NA,NA
Simpson,Black,NA,NA,NA,NA,NA,NA,NA,NA,NA,NA
Simpson,Other,NA,NA,NA,NA,NA,NA,NA,NA,NA,NA
Simpson,Unknown,NA,NA,NA,NA,NA,NA,NA,NA,NA,NA
Smith,White,NA,NA,NA,NA,NA,NA,NA,NA,NA,NA
Smith,Black,NA,NA,NA,NA,NA,NA,NA,NA,NA,NA
Smith,Other,NA,NA,NA,NA,NA,NA,NA,NA,NA,NA
Smith,Unknown,NA,NA,NA,NA,NA,NA,NA,NA,NA,NA
Stone,White,NA,NA,NA,NA,NA,NA,NA,NA,NA,NA
Stone,Black,NA,NA,NA,NA,NA,NA,NA,NA,NA,NA
Stone,Other,NA,NA,NA,NA,NA,NA,NA,NA,NA,NA
Stone,Unknown,NA,NA,NA,NA,NA,NA,NA,NA,NA,NA
Sunflower,White,NA,NA,9,NA,7,NA,NA,NA,NA,NA
Sunflower,Black,NA,NA,9,9,7,NA,NA,NA,NA,NA
Sunflower,Other,NA,NA,9,NA,7,NA,NA,NA,NA,NA
Sunflower,Unknown,NA,NA,9,NA,7,NA,NA,NA,NA,NA
Tallahatchie,White,NA,NA,NA,NA,NA,NA,NA,NA,NA,NA
Tallahatchie,Black,NA,NA,NA,NA,NA,NA,NA,NA,NA,NA
Tallahatchie,Other,NA,NA,NA,NA,NA,NA,NA,NA,NA,NA
Tallahatchie,Unknown,NA,NA,NA,NA,NA,NA,NA,NA,NA,NA
Tate,White,NA,NA,NA,NA,NA,NA,NA,NA,NA,NA
Tate,Black,NA,NA,NA,NA,NA,NA,NA,NA,NA,NA
Tate,Other,NA,NA,NA,NA,NA,NA,NA,NA,NA,NA
Tate,Unknown,NA,NA,NA,NA,NA,NA,NA,NA,NA,NA
Tippah,White,NA,NA,NA,NA,NA,NA,NA,NA,NA,NA
Tippah,Black,NA,NA,NA,NA,NA,NA,NA,NA,NA,NA
Tippah,Other,NA,NA,NA,NA,NA,NA,NA,NA,NA,NA
Tippah,Unknown,NA,NA,NA,NA,NA,NA,NA,NA,NA,NA
Tishomingo,White,NA,NA,NA,NA,NA,NA,NA,NA,NA,NA
Tishomingo,Black,NA,NA,NA,NA,NA,NA,NA,NA,NA,NA
Tishomingo,Other,NA,NA,NA,NA,NA,NA,NA,NA,NA,NA
Tishomingo,Unknown,NA,NA,NA,NA,NA,NA,NA,NA,NA,NA
Tunica,White,NA,NA,NA,NA,NA,NA,NA,NA,NA,NA
Tunica,Black,NA,NA,NA,NA,NA,NA,NA,NA,NA,NA
Tunica,Other,NA,NA,NA,NA,NA,NA,NA,NA,NA,NA
Tunica,Unknown,NA,NA,NA,NA,NA,NA,NA,NA,NA,NA
Union,White,NA,NA,NA,NA,NA,NA,NA,NA,6,NA
Union,Black,NA,NA,NA,NA,NA,NA,NA,NA,6,NA
Union,Other,NA,NA,NA,NA,NA,NA,NA,NA,6,NA
Union,Unknown,NA,NA,NA,NA,NA,NA,NA,NA,6,NA
Walthall,White,NA,NA,NA,NA,NA,NA,NA,NA,NA,NA
Walthall,Black,NA,NA,NA,NA,NA,NA,NA,NA,NA,NA
Walthall,Other,NA,NA,NA,NA,NA,NA,NA,NA,NA,NA
Walthall,Unknown,NA,NA,NA,NA,NA,NA,NA,NA,NA,NA
Warren,White,6,NA,11,NA,13,NA,NA,NA,6,NA
Warren,Black,6,NA,11,11,13,10,NA,NA,6,NA
Warren,Other,6,NA,11,NA,13,NA,NA,NA,6,NA
Warren,Unknown,6,NA,11,NA,13,NA,NA,NA,6,NA
Washington,White,8,NA,10,NA,13,NA,9,NA,10,NA
Washington,Black,8,8,10,10,13,12,9,7,10,9
Washington,Other,8,NA,10,NA,13,NA,9,NA,10,NA
Washington,Unknown,8,NA,10,NA,13,NA,9,NA,10,NA
Wayne,White,NA,NA,NA,NA,NA,NA,NA,NA,NA,NA
Wayne,Black,NA,NA,NA,NA,NA,NA,NA,NA,NA,NA
Wayne,Other,NA,NA,NA,NA,NA,NA,NA,NA,NA,NA
Wayne,Unknown,NA,NA,NA,NA,NA,NA,NA,NA,NA,NA
Webster,White,NA,NA,NA,NA,NA,NA,NA,NA,NA,NA
Webster,Black,NA,NA,NA,NA,NA,NA,NA,NA,NA,NA
Webster,Other,NA,NA,NA,NA,NA,NA,NA,NA,NA,NA
Webster,Unknown,NA,NA,NA,NA,NA,NA,NA,NA,NA,NA
Wilkinson,White,NA,NA,NA,NA,NA,NA,NA,NA,NA,NA
Wilkinson,Black,NA,NA,NA,NA,NA,NA,NA,NA,NA,NA
Wilkinson,Other,NA,NA,NA,NA,NA,NA,NA,NA,NA,NA
Wilkinson,Unknown,NA,NA,NA,NA,NA,NA,NA,NA,NA,NA
Winston,White,NA,NA,NA,NA,NA,NA,NA,NA,NA,NA
Winston,Black,NA,NA,NA,NA,NA,NA,NA,NA,NA,NA
Winston,Other,NA,NA,NA,NA,NA,NA,NA,NA,NA,NA
Winston,Unknown,NA,NA,NA,NA,NA,NA,NA,NA,NA,NA
Yalobusha,White,NA,NA,NA,NA,NA,NA,NA,NA,NA,NA
Yalobusha,Black,NA,NA,NA,NA,NA,NA,NA,NA,NA,NA
Yalobusha,Other,NA,NA,NA,NA,NA,NA,NA,NA,NA,NA
Yalobusha,Unknown,NA,NA,NA,NA,NA,NA,NA,NA,NA,NA
Yazoo,White,NA,NA,NA,NA,7,NA,7,NA,NA,NA
Yazoo,Black,NA,NA,NA,NA,7,6,7,7,NA,NA
Yazoo,Other,NA,NA,NA,NA,7,NA,7,NA,NA,NA
Yazoo,Unknown,NA,NA,NA,NA,7,NA,7,NA,NA,NA
Total,White,401,128,407,108,380,127,349,119,383,132
Total,Black,401,269,407,294,380,247,349,224,383,243
Total,Other,401,NA,407,NA,380,6,349,6,383,8
Total,Unknown,401,NA,407,NA,380,NA,349,NA,383,NA
