Geography  ,Race,Total 2016,Amount 2016,Total 2017,Amount 2017,Total 2018,Amount 2018,Total 2019,Amount 2019,Total 2020,Amount 2020
Adams,White,81,18,70,14,81,14,90,19,90,NA
Adams,Black,81,61,70,55,81,66,90,70,90,84
Adams,Other,81,NA,70,NA,81,NA,90,NA,90,NA
Adams,Unknown,81,NA,70,NA,81,NA,90,NA,90,NA
Alcorn,White,18,9,17,9,14,10,22,16,22,15
Alcorn,Black,18,8,17,8,14,NA,22,6,22,7
Alcorn,Other,18,NA,17,NA,14,NA,22,NA,22,NA
Alcorn,Unknown,18,NA,17,NA,14,NA,22,NA,22,NA
Amite,White,10,NA,13,NA,12,6,7,NA,16,NA
Amite,Black,10,7,13,8,12,6,7,6,16,15
Amite,Other,10,NA,13,NA,12,NA,7,NA,16,NA
Amite,Unknown,10,NA,13,NA,12,NA,7,NA,16,NA
Attala,White,33,NA,21,NA,19,NA,34,NA,19,NA
Attala,Black,33,28,21,16,19,17,34,31,19,15
Attala,Other,33,NA,21,NA,19,NA,34,NA,19,NA
Attala,Unknown,33,NA,21,NA,19,NA,34,NA,19,NA
Benton,White,10,NA,NA,NA,10,NA,9,6,11,6
Benton,Black,10,8,NA,NA,10,7,9,NA,11,NA
Benton,Other,10,NA,NA,NA,10,NA,9,NA,11,NA
Benton,Unknown,10,NA,NA,NA,10,NA,9,NA,11,NA
Bolivar,White,64,8,73,16,57,10,73,15,59,8
Bolivar,Black,64,55,73,54,57,44,73,57,59,50
Bolivar,Other,64,NA,73,NA,57,NA,73,NA,59,NA
Bolivar,Unknown,64,NA,73,NA,57,NA,73,NA,59,NA
Calhoun,White,8,NA,18,7,18,NA,8,NA,16,8
Calhoun,Black,8,7,18,11,18,15,8,6,16,8
Calhoun,Other,8,NA,18,NA,18,NA,8,NA,16,NA
Calhoun,Unknown,8,NA,18,NA,18,NA,8,NA,16,NA
Carroll,White,12,NA,6,NA,7,NA,7,NA,11,NA
Carroll,Black,12,10,6,6,7,7,7,6,11,9
Carroll,Other,12,NA,6,NA,7,NA,7,NA,11,NA
Carroll,Unknown,12,NA,6,NA,7,NA,7,NA,11,NA
Chickasaw,White,27,NA,19,NA,18,NA,32,8,22,NA
Chickasaw,Black,27,24,19,16,18,14,32,24,22,17
Chickasaw,Other,27,NA,19,NA,18,NA,32,NA,22,NA
Chickasaw,Unknown,27,NA,19,NA,18,NA,32,NA,22,NA
Choctaw,White,NA,NA,NA,NA,10,NA,14,9,7,NA
Choctaw,Black,NA,NA,NA,NA,10,7,14,NA,7,NA
Choctaw,Other,NA,NA,NA,NA,10,NA,14,NA,7,NA
Choctaw,Unknown,NA,NA,NA,NA,10,NA,14,NA,7,NA
Claiborne,White,23,NA,27,NA,25,NA,34,NA,40,NA
Claiborne,Black,23,23,27,26,25,23,34,33,40,40
Claiborne,Other,23,NA,27,NA,25,NA,34,NA,40,NA
Claiborne,Unknown,23,NA,27,NA,25,NA,34,NA,40,NA
Clarke,White,19,6,19,NA,15,NA,19,NA,18,6
Clarke,Black,19,13,19,14,15,15,19,13,18,12
Clarke,Other,19,NA,19,NA,15,NA,19,NA,18,NA
Clarke,Unknown,19,NA,19,NA,15,NA,19,NA,18,NA
Clay,White,47,NA,46,NA,39,NA,48,7,47,NA
Clay,Black,47,41,46,42,39,34,48,41,47,43
Clay,Other,47,NA,46,NA,39,NA,48,NA,47,NA
Clay,Unknown,47,NA,46,NA,39,NA,48,NA,47,NA
Coahoma,White,39,NA,42,NA,60,NA,39,NA,45,NA
Coahoma,Black,39,38,42,40,60,55,39,36,45,43
Coahoma,Other,39,NA,42,NA,60,NA,39,NA,45,NA
Coahoma,Unknown,39,NA,42,NA,60,NA,39,NA,45,NA
Copiah,White,49,NA,57,8,52,6,49,8,68,9
Copiah,Black,49,42,57,47,52,46,49,41,68,58
Copiah,Other,49,NA,57,NA,52,NA,49,NA,68,NA
Copiah,Unknown,49,NA,57,NA,52,NA,49,NA,68,NA
Covington,White,14,NA,19,6,16,NA,25,NA,22,NA
Covington,Black,14,10,19,13,16,14,25,20,22,18
Covington,Other,14,NA,19,NA,16,NA,25,NA,22,NA
Covington,Unknown,14,NA,19,NA,16,NA,25,NA,22,NA
DeSoto,White,266,89,308,95,318,99,377,110,418,111
DeSoto,Black,266,164,308,198,318,203,377,253,418,285
DeSoto,Other,266,7,308,6,318,8,377,14,418,15
DeSoto,Unknown,266,6,308,9,318,8,377,NA,418,7
Forrest,White,137,36,110,28,138,37,136,34,152,35
Forrest,Black,137,94,110,81,138,98,136,98,152,115
Forrest,Other,137,NA,110,NA,138,NA,136,NA,152,NA
Forrest,Unknown,137,NA,110,NA,138,NA,136,NA,152,NA
Franklin,White,10,NA,NA,NA,NA,NA,11,NA,6,NA
Franklin,Black,10,8,NA,NA,NA,NA,11,11,6,NA
Franklin,Other,10,NA,NA,NA,NA,NA,11,NA,6,NA
Franklin,Unknown,10,NA,NA,NA,NA,NA,11,NA,6,NA
George,White,6,NA,NA,NA,8,NA,7,NA,10,8
George,Black,6,NA,NA,NA,8,NA,7,NA,10,NA
George,Other,6,NA,NA,NA,8,NA,7,NA,10,NA
George,Unknown,6,NA,NA,NA,8,NA,7,NA,10,NA
Greene,White,6,NA,NA,NA,6,NA,NA,NA,NA,NA
Greene,Black,6,NA,NA,NA,6,NA,NA,NA,NA,NA
Greene,Other,6,NA,NA,NA,6,NA,NA,NA,NA,NA
Greene,Unknown,6,NA,NA,NA,6,NA,NA,NA,NA,NA
Grenada,White,46,15,33,6,36,8,37,NA,43,8
Grenada,Black,46,31,33,26,36,27,37,33,43,35
Grenada,Other,46,NA,33,NA,36,NA,37,NA,43,NA
Grenada,Unknown,46,NA,33,NA,36,NA,37,NA,43,NA
Hancock,White,49,24,20,13,39,25,36,28,24,17
Hancock,Black,49,16,20,NA,39,10,36,NA,24,6
Hancock,Other,49,6,20,NA,39,NA,36,NA,24,NA
Hancock,Unknown,49,NA,20,NA,39,NA,36,NA,24,NA
Harrison,White,192,85,101,39,273,130,250,100,181,62
Harrison,Black,192,85,101,47,273,116,250,128,181,107
Harrison,Other,192,15,101,10,273,20,250,21,181,12
Harrison,Unknown,192,7,101,NA,273,7,250,NA,181,NA
Hinds,White,845,61,800,42,793,57,779,46,869,61
Hinds,Black,845,756,800,737,793,718,779,710,869,788
Hinds,Other,845,14,800,21,793,17,779,22,869,20
Hinds,Unknown,845,14,800,NA,793,NA,779,NA,869,NA
Holmes,White,46,NA,57,NA,66,NA,61,NA,73,6
Holmes,Black,46,46,57,55,66,63,61,60,73,67
Holmes,Other,46,NA,57,NA,66,NA,61,NA,73,NA
Holmes,Unknown,46,NA,57,NA,66,NA,61,NA,73,NA
Humphreys,White,15,NA,22,NA,21,NA,12,NA,19,NA
Humphreys,Black,15,15,22,22,21,21,12,12,19,19
Humphreys,Other,15,NA,22,NA,21,NA,12,NA,19,NA
Humphreys,Unknown,15,NA,22,NA,21,NA,12,NA,19,NA
Issaquena,White,NA,NA,NA,NA,NA,NA,NA,NA,NA,NA
Issaquena,Black,NA,NA,NA,NA,NA,NA,NA,NA,NA,NA
Issaquena,Other,NA,NA,NA,NA,NA,NA,NA,NA,NA,NA
Issaquena,Unknown,NA,NA,NA,NA,NA,NA,NA,NA,NA,NA
Itawamba,White,10,7,17,12,11,6,8,NA,11,8
Itawamba,Black,10,NA,17,NA,11,NA,8,NA,11,NA
Itawamba,Other,10,NA,17,NA,11,NA,8,NA,11,NA
Itawamba,Unknown,10,NA,17,NA,11,NA,8,NA,11,NA
Jackson,White,80,39,43,20,98,38,126,41,69,26
Jackson,Black,80,33,43,19,98,52,126,64,69,33
Jackson,Other,80,8,43,NA,98,8,126,19,69,10
Jackson,Unknown,80,NA,43,NA,98,NA,126,NA,69,NA
Jasper,White,18,NA,16,NA,11,NA,17,NA,16,NA
Jasper,Black,18,15,16,14,11,10,17,12,16,13
Jasper,Other,18,NA,16,NA,11,NA,17,NA,16,NA
Jasper,Unknown,18,NA,16,NA,11,NA,17,NA,16,NA
Jefferson,White,29,NA,23,NA,30,NA,28,NA,34,NA
Jefferson,Black,29,29,23,23,30,29,28,25,34,33
Jefferson,Other,29,NA,23,NA,30,NA,28,NA,34,NA
Jefferson,Unknown,29,NA,23,NA,30,NA,28,NA,34,NA
Jefferson Davis,White,10,NA,18,NA,18,NA,8,NA,14,NA
Jefferson Davis,Black,10,9,18,18,18,18,8,7,14,13
Jefferson Davis,Other,10,NA,18,NA,18,NA,8,NA,14,NA
Jefferson Davis,Unknown,10,NA,18,NA,18,NA,8,NA,14,NA
Jones,White,62,19,51,16,73,30,71,27,73,17
Jones,Black,62,42,51,34,73,39,71,43,73,55
Jones,Other,62,NA,51,NA,73,NA,71,NA,73,NA
Jones,Unknown,62,NA,51,NA,73,NA,71,NA,73,NA
Kemper,White,6,NA,7,NA,19,NA,15,NA,18,NA
Kemper,Black,6,6,7,7,19,16,15,14,18,18
Kemper,Other,6,NA,7,NA,19,NA,15,NA,18,NA
Kemper,Unknown,6,NA,7,NA,19,NA,15,NA,18,NA
Lafayette,White,93,38,112,53,108,54,103,48,98,36
Lafayette,Black,93,49,112,53,108,50,103,51,98,58
Lafayette,Other,93,NA,112,NA,108,NA,103,NA,98,NA
Lafayette,Unknown,93,NA,112,NA,108,NA,103,NA,98,NA
Lamar,White,63,19,76,27,73,25,65,22,82,21
Lamar,Black,63,40,76,48,73,44,65,38,82,58
Lamar,Other,63,NA,76,NA,73,NA,65,NA,82,NA
Lamar,Unknown,63,NA,76,NA,73,NA,65,NA,82,NA
Lauderdale,White,119,19,111,20,103,28,115,28,117,25
Lauderdale,Black,119,96,111,88,103,71,115,84,117,91
Lauderdale,Other,119,NA,111,NA,103,NA,115,NA,117,NA
Lauderdale,Unknown,119,NA,111,NA,103,NA,115,NA,117,NA
Lawrence,White,8,NA,9,NA,6,NA,12,NA,14,NA
Lawrence,Black,8,NA,9,6,6,NA,12,8,14,9
Lawrence,Other,8,NA,9,NA,6,NA,12,NA,14,NA
Lawrence,Unknown,8,NA,9,NA,6,NA,12,NA,14,NA
Leake,White,33,8,39,9,32,9,33,NA,43,NA
Leake,Black,33,21,39,28,32,20,33,25,43,36
Leake,Other,33,NA,39,NA,32,NA,33,NA,43,NA
Leake,Unknown,33,NA,39,NA,32,NA,33,NA,43,NA
Lee,White,110,33,114,38,116,28,110,30,128,35
Lee,Black,110,74,114,72,116,82,110,76,128,91
Lee,Other,110,NA,114,NA,116,NA,110,NA,128,NA
Lee,Unknown,110,NA,114,NA,116,NA,110,NA,128,NA
Leflore,White,64,NA,70,NA,93,NA,75,NA,98,NA
Leflore,Black,64,56,70,65,93,86,75,72,98,93
Leflore,Other,64,NA,70,NA,93,NA,75,NA,98,NA
Leflore,Unknown,64,NA,70,NA,93,NA,75,NA,98,NA
Lincoln,White,40,9,31,8,33,11,36,8,25,6
Lincoln,Black,40,28,31,20,33,20,36,27,25,17
Lincoln,Other,40,NA,31,NA,33,NA,36,NA,25,NA
Lincoln,Unknown,40,NA,31,NA,33,NA,36,NA,25,NA
Lowndes,White,121,17,121,14,139,26,109,21,109,19
Lowndes,Black,121,101,121,105,139,111,109,87,109,88
Lowndes,Other,121,NA,121,NA,139,NA,109,NA,109,NA
Lowndes,Unknown,121,NA,121,NA,139,NA,109,NA,109,NA
Madison,White,224,36,197,24,223,42,249,46,258,43
Madison,Black,224,170,197,157,223,162,249,189,258,202
Madison,Other,224,9,197,16,223,18,249,14,258,13
Madison,Unknown,224,9,197,NA,223,NA,249,NA,258,NA
Marion,White,17,6,19,7,12,NA,16,6,24,10
Marion,Black,17,10,19,11,12,9,16,9,24,13
Marion,Other,17,NA,19,NA,12,NA,16,NA,24,NA
Marion,Unknown,17,NA,19,NA,12,NA,16,NA,24,NA
Marshall,White,73,17,68,10,77,11,82,11,74,10
Marshall,Black,73,54,68,57,77,65,82,70,74,59
Marshall,Other,73,NA,68,NA,77,NA,82,NA,74,NA
Marshall,Unknown,73,NA,68,NA,77,NA,82,NA,74,NA
Monroe,White,36,8,34,8,30,6,44,8,38,11
Monroe,Black,36,27,34,26,30,24,44,35,38,26
Monroe,Other,36,NA,34,NA,30,NA,44,NA,38,NA
Monroe,Unknown,36,NA,34,NA,30,NA,44,NA,38,NA
Montgomery,White,14,NA,21,NA,24,7,10,NA,18,NA
Montgomery,Black,14,11,21,16,24,17,10,NA,18,16
Montgomery,Other,14,NA,21,NA,24,NA,10,NA,18,NA
Montgomery,Unknown,14,NA,21,NA,24,NA,10,NA,18,NA
Neshoba,White,27,7,23,NA,23,NA,20,6,32,NA
Neshoba,Black,27,18,23,14,23,14,20,8,32,21
Neshoba,Other,27,NA,23,NA,23,NA,20,NA,32,6
Neshoba,Unknown,27,NA,23,NA,23,NA,20,NA,32,NA
Newton,White,20,NA,23,6,22,NA,25,7,21,6
Newton,Black,20,14,23,17,22,17,25,17,21,15
Newton,Other,20,NA,23,NA,22,NA,25,NA,21,NA
Newton,Unknown,20,NA,23,NA,22,NA,25,NA,21,NA
Noxubee,White,36,NA,38,NA,26,NA,23,NA,32,NA
Noxubee,Black,36,34,38,36,26,26,23,23,32,31
Noxubee,Other,36,NA,38,NA,26,NA,23,NA,32,NA
Noxubee,Unknown,36,NA,38,NA,26,NA,23,NA,32,NA
Oktibbeha,White,110,30,99,27,111,37,112,28,127,29
Oktibbeha,Black,110,77,99,69,111,70,112,78,127,93
Oktibbeha,Other,110,NA,99,NA,111,NA,112,6,127,NA
Oktibbeha,Unknown,110,NA,99,NA,111,NA,112,NA,127,NA
Panola,White,59,12,59,8,73,9,66,6,62,9
Panola,Black,59,46,59,51,73,63,66,59,62,53
Panola,Other,59,NA,59,NA,73,NA,66,NA,62,NA
Panola,Unknown,59,NA,59,NA,73,NA,66,NA,62,NA
Pearl River,White,30,23,38,25,37,25,26,18,25,14
Pearl River,Black,30,6,38,11,37,11,26,8,25,11
Pearl River,Other,30,NA,38,NA,37,NA,26,NA,25,NA
Pearl River,Unknown,30,NA,38,NA,37,NA,26,NA,25,NA
Perry,White,6,NA,9,NA,8,NA,12,6,6,NA
Perry,Black,6,NA,9,NA,8,6,12,6,6,NA
Perry,Other,6,NA,9,NA,8,NA,12,NA,6,NA
Perry,Unknown,6,NA,9,NA,8,NA,12,NA,6,NA
Pike,White,58,11,72,10,58,11,74,12,61,9
Pike,Black,58,47,72,59,58,46,74,58,61,51
Pike,Other,58,NA,72,NA,58,NA,74,NA,61,NA
Pike,Unknown,58,NA,72,NA,58,NA,74,NA,61,NA
Pontotoc,White,13,7,12,8,19,10,26,14,27,14
Pontotoc,Black,13,NA,12,NA,19,7,26,12,27,13
Pontotoc,Other,13,NA,12,NA,19,NA,26,NA,27,NA
Pontotoc,Unknown,13,NA,12,NA,19,NA,26,NA,27,NA
Prentiss,White,10,7,18,10,15,6,13,12,12,7
Prentiss,Black,10,NA,18,7,15,8,13,NA,12,NA
Prentiss,Other,10,NA,18,NA,15,NA,13,NA,12,NA
Prentiss,Unknown,10,NA,18,NA,15,NA,13,NA,12,NA
Quitman,White,11,NA,13,NA,10,NA,15,NA,9,NA
Quitman,Black,11,11,13,11,10,9,15,14,9,9
Quitman,Other,11,NA,13,NA,10,NA,15,NA,9,NA
Quitman,Unknown,11,NA,13,NA,10,NA,15,NA,9,NA
Rankin,White,190,77,192,82,199,96,210,81,262,107
Rankin,Black,190,100,192,100,199,92,210,116,262,145
Rankin,Other,190,NA,192,10,199,11,210,13,262,9
Rankin,Unknown,190,10,192,NA,199,NA,210,NA,262,NA
Scott,White,51,9,41,NA,53,19,46,14,54,16
Scott,Black,51,38,41,27,53,30,46,29,54,34
Scott,Other,51,NA,41,9,53,NA,46,NA,54,NA
Scott,Unknown,51,NA,41,NA,53,NA,46,NA,54,NA
Sharkey,White,NA,NA,9,NA,7,NA,11,NA,8,NA
Sharkey,Black,NA,NA,9,9,7,6,11,11,8,8
Sharkey,Other,NA,NA,9,NA,7,NA,11,NA,8,NA
Sharkey,Unknown,NA,NA,9,NA,7,NA,11,NA,8,NA
Simpson,White,27,7,21,11,30,10,23,7,32,10
Simpson,Black,27,20,21,9,30,20,23,16,32,21
Simpson,Other,27,NA,21,NA,30,NA,23,NA,32,NA
Simpson,Unknown,27,NA,21,NA,30,NA,23,NA,32,NA
Smith,White,7,NA,13,NA,9,NA,9,NA,9,NA
Smith,Black,7,6,13,8,9,7,9,7,9,6
Smith,Other,7,NA,13,NA,9,NA,9,NA,9,NA
Smith,Unknown,7,NA,13,NA,9,NA,9,NA,9,NA
Stone,White,15,8,8,NA,9,NA,7,NA,16,8
Stone,Black,15,NA,8,NA,9,NA,7,NA,16,8
Stone,Other,15,NA,8,NA,9,NA,7,NA,16,NA
Stone,Unknown,15,NA,8,NA,9,NA,7,NA,16,NA
Sunflower,White,44,NA,53,NA,44,NA,53,NA,73,NA
Sunflower,Black,44,43,53,49,44,39,53,50,73,68
Sunflower,Other,44,NA,53,NA,44,NA,53,NA,73,NA
Sunflower,Unknown,44,NA,53,NA,44,NA,53,NA,73,NA
Tallahatchie,White,11,NA,7,NA,17,NA,18,NA,17,NA
Tallahatchie,Black,11,10,7,NA,17,14,18,16,17,15
Tallahatchie,Other,11,NA,7,NA,17,NA,18,NA,17,NA
Tallahatchie,Unknown,11,NA,7,NA,17,NA,18,NA,17,NA
Tate,White,37,9,40,12,47,16,50,16,35,7
Tate,Black,37,28,40,28,47,29,50,32,35,27
Tate,Other,37,NA,40,NA,47,NA,50,NA,35,NA
Tate,Unknown,37,NA,40,NA,47,NA,50,NA,35,NA
Tippah,White,8,NA,12,NA,11,6,23,15,11,NA
Tippah,Black,8,NA,12,7,11,NA,23,8,11,6
Tippah,Other,8,NA,12,NA,11,NA,23,NA,11,NA
Tippah,Unknown,8,NA,12,NA,11,NA,23,NA,11,NA
Tishomingo,White,7,6,NA,NA,8,8,9,9,6,NA
Tishomingo,Black,7,NA,NA,NA,8,NA,9,NA,6,NA
Tishomingo,Other,7,NA,NA,NA,8,NA,9,NA,6,NA
Tishomingo,Unknown,7,NA,NA,NA,8,NA,9,NA,6,NA
Tunica,White,28,NA,22,NA,29,NA,35,NA,32,NA
Tunica,Black,28,26,22,21,29,23,35,33,32,30
Tunica,Other,28,NA,22,NA,29,NA,35,NA,32,NA
Tunica,Unknown,28,NA,22,NA,29,NA,35,NA,32,NA
Union,White,22,7,15,6,17,6,19,12,11,7
Union,Black,22,15,15,9,17,10,19,7,11,NA
Union,Other,22,NA,15,NA,17,NA,19,NA,11,NA
Union,Unknown,22,NA,15,NA,17,NA,19,NA,11,NA
Walthall,White,12,NA,13,NA,16,NA,15,NA,19,NA
Walthall,Black,12,8,13,11,16,12,15,14,19,16
Walthall,Other,12,NA,13,NA,16,NA,15,NA,19,NA
Walthall,Unknown,12,NA,13,NA,16,NA,15,NA,19,NA
Warren,White,100,11,114,11,97,14,101,12,138,17
Warren,Black,100,87,114,102,97,83,101,85,138,120
Warren,Other,100,NA,114,NA,97,NA,101,NA,138,NA
Warren,Unknown,100,NA,114,NA,97,NA,101,NA,138,NA
Washington,White,83,NA,81,6,73,NA,80,7,98,NA
Washington,Black,83,79,81,74,73,65,80,72,98,93
Washington,Other,83,NA,81,NA,73,NA,80,NA,98,NA
Washington,Unknown,83,NA,81,NA,73,NA,80,NA,98,NA
Wayne,White,21,NA,12,NA,19,NA,23,6,21,NA
Wayne,Black,21,16,12,10,19,16,23,15,21,20
Wayne,Other,21,NA,12,NA,19,NA,23,NA,21,NA
Wayne,Unknown,21,NA,12,NA,19,NA,23,NA,21,NA
Webster,White,6,NA,9,NA,10,NA,7,NA,6,NA
Webster,Black,6,NA,9,6,10,NA,7,NA,6,NA
Webster,Other,6,NA,9,NA,10,NA,7,NA,6,NA
Webster,Unknown,6,NA,9,NA,10,NA,7,NA,6,NA
Wilkinson,White,10,NA,11,NA,6,NA,13,NA,16,NA
Wilkinson,Black,10,8,11,11,6,6,13,13,16,16
Wilkinson,Other,10,NA,11,NA,6,NA,13,NA,16,NA
Wilkinson,Unknown,10,NA,11,NA,6,NA,13,NA,16,NA
Winston,White,19,NA,15,NA,19,6,20,6,20,NA
Winston,Black,19,14,15,11,19,12,20,14,20,15
Winston,Other,19,NA,15,NA,19,NA,20,NA,20,NA
Winston,Unknown,19,NA,15,NA,19,NA,20,NA,20,NA
Yalobusha,White,12,7,19,NA,19,NA,24,6,17,NA
Yalobusha,Black,12,NA,19,14,19,18,24,18,17,15
Yalobusha,Other,12,NA,19,NA,19,NA,24,NA,17,NA
Yalobusha,Unknown,12,NA,19,NA,19,NA,24,NA,17,NA
Yazoo,White,55,NA,61,NA,64,NA,79,NA,79,9
Yazoo,Black,55,50,61,58,64,60,79,73,79,70
Yazoo,Other,55,NA,61,NA,64,NA,79,NA,79,NA
Yazoo,Unknown,55,NA,61,NA,64,NA,79,NA,79,NA
Total,White,4457,962,4289,864,4693,1106,4838,1081,5071,990
Total,Black,4457,3307,4289,3267,4693,3409,4838,3573,5071,3930
Total,Other,4457,97,4289,128,4693,136,4838,173,5071,130
Total,Unknown,4457,91,4289,30,4693,42,4838,11,5071,21
