Geography  ,Race,Total 2016,Amount 2016,Total 2017,Amount 2017,Total 2018,Amount 2018,Total 2019,Amount 2019,Total 2020,Amount 2020
Adams,White,56,11,52,14,54,7,38,NA,36,NA
Adams,Black,56,43,52,38,54,46,38,31,36,33
Adams,Other,56,NA,52,NA,54,NA,38,NA,36,NA
Adams,Unknown,56,NA,52,NA,54,NA,38,NA,36,NA
Alcorn,White,48,34,57,44,47,38,51,41,39,24
Alcorn,Black,48,14,57,12,47,8,51,10,39,15
Alcorn,Other,48,NA,57,NA,47,NA,51,NA,39,NA
Alcorn,Unknown,48,NA,57,NA,47,NA,51,NA,39,NA
Amite,White,19,9,12,NA,16,7,14,NA,13,NA
Amite,Black,19,9,12,9,16,9,14,11,13,8
Amite,Other,19,NA,12,NA,16,NA,14,NA,13,NA
Amite,Unknown,19,NA,12,NA,16,NA,14,NA,13,NA
Attala,White,40,11,27,7,30,8,31,8,35,9
Attala,Black,40,29,27,20,30,22,31,23,35,26
Attala,Other,40,NA,27,NA,30,NA,31,NA,35,NA
Attala,Unknown,40,NA,27,NA,30,NA,31,NA,35,NA
Benton,White,12,NA,9,6,9,NA,NA,NA,9,NA
Benton,Black,12,8,9,NA,9,NA,NA,NA,9,NA
Benton,Other,12,NA,9,NA,9,NA,NA,NA,9,NA
Benton,Unknown,12,NA,9,NA,9,NA,NA,NA,9,NA
Bolivar,White,65,15,59,17,59,8,81,9,46,NA
Bolivar,Black,65,50,59,42,59,51,81,71,46,42
Bolivar,Other,65,NA,59,NA,59,NA,81,NA,46,NA
Bolivar,Unknown,65,NA,59,NA,59,NA,81,NA,46,NA
Calhoun,White,14,8,20,NA,26,13,24,12,21,14
Calhoun,Black,14,6,20,16,26,13,24,12,21,7
Calhoun,Other,14,NA,20,NA,26,NA,24,NA,21,NA
Calhoun,Unknown,14,NA,20,NA,26,NA,24,NA,21,NA
Carroll,White,7,NA,12,6,13,NA,13,7,8,NA
Carroll,Black,7,NA,12,6,13,8,13,6,8,NA
Carroll,Other,7,NA,12,NA,13,NA,13,NA,8,NA
Carroll,Unknown,7,NA,12,NA,13,NA,13,NA,8,NA
Chickasaw,White,37,13,29,12,30,12,32,16,37,15
Chickasaw,Black,37,24,29,17,30,18,32,16,37,22
Chickasaw,Other,37,NA,29,NA,30,NA,32,NA,37,NA
Chickasaw,Unknown,37,NA,29,NA,30,NA,32,NA,37,NA
Choctaw,White,10,NA,7,NA,9,NA,8,NA,13,NA
Choctaw,Black,10,NA,7,NA,9,7,8,7,13,8
Choctaw,Other,10,NA,7,NA,9,NA,8,NA,13,NA
Choctaw,Unknown,10,NA,7,NA,9,NA,8,NA,13,NA
Claiborne,White,12,NA,20,NA,25,NA,14,NA,24,NA
Claiborne,Black,12,12,20,18,25,25,14,14,24,22
Claiborne,Other,12,NA,20,NA,25,NA,14,NA,24,NA
Claiborne,Unknown,12,NA,20,NA,25,NA,14,NA,24,NA
Clarke,White,23,12,25,11,31,11,27,14,21,9
Clarke,Black,23,11,25,14,31,19,27,12,21,11
Clarke,Other,23,NA,25,NA,31,NA,27,NA,21,NA
Clarke,Unknown,23,NA,25,NA,31,NA,27,NA,21,NA
Clay,White,25,NA,27,NA,32,NA,49,10,47,NA
Clay,Black,25,21,27,25,32,28,49,37,47,42
Clay,Other,25,NA,27,NA,32,NA,49,NA,47,NA
Clay,Unknown,25,NA,27,NA,32,NA,49,NA,47,NA
Coahoma,White,51,NA,72,7,60,NA,71,NA,60,6
Coahoma,Black,51,49,72,65,60,57,71,66,60,54
Coahoma,Other,51,NA,72,NA,60,NA,71,NA,60,NA
Coahoma,Unknown,51,NA,72,NA,60,NA,71,NA,60,NA
Copiah,White,61,23,49,7,54,7,52,13,45,13
Copiah,Black,61,38,49,42,54,46,52,39,45,31
Copiah,Other,61,NA,49,NA,54,NA,52,NA,45,NA
Copiah,Unknown,61,NA,49,NA,54,NA,52,NA,45,NA
Covington,White,35,13,34,10,27,8,23,11,40,17
Covington,Black,35,22,34,23,27,18,23,12,40,23
Covington,Other,35,NA,34,NA,27,NA,23,NA,40,NA
Covington,Unknown,35,NA,34,NA,27,NA,23,NA,40,NA
DeSoto,White,191,104,190,103,189,97,214,101,226,101
DeSoto,Black,191,80,190,84,189,83,214,106,226,119
DeSoto,Other,191,7,190,NA,189,9,214,7,226,6
DeSoto,Unknown,191,NA,190,NA,189,NA,214,NA,226,NA
Forrest,White,120,45,130,39,149,51,126,47,113,40
Forrest,Black,120,73,130,89,149,95,126,77,113,72
Forrest,Other,120,NA,130,NA,149,NA,126,NA,113,NA
Forrest,Unknown,120,NA,130,NA,149,NA,126,NA,113,NA
Franklin,White,NA,NA,7,NA,13,8,7,NA,18,6
Franklin,Black,NA,NA,7,NA,13,NA,7,7,18,12
Franklin,Other,NA,NA,7,NA,13,NA,7,NA,18,NA
Franklin,Unknown,NA,NA,7,NA,13,NA,7,NA,18,NA
George,White,39,36,29,26,40,31,28,24,23,18
George,Black,39,NA,29,NA,40,9,28,NA,23,NA
George,Other,39,NA,29,NA,40,NA,28,NA,23,NA
George,Unknown,39,NA,29,NA,40,NA,28,NA,23,NA
Greene,White,8,NA,11,7,11,NA,NA,NA,11,8
Greene,Black,8,NA,11,NA,11,7,NA,NA,11,NA
Greene,Other,8,NA,11,NA,11,NA,NA,NA,11,NA
Greene,Unknown,8,NA,11,NA,11,NA,NA,NA,11,NA
Grenada,White,37,12,34,16,24,10,34,16,26,14
Grenada,Black,37,25,34,17,24,14,34,17,26,12
Grenada,Other,37,NA,34,NA,24,NA,34,NA,26,NA
Grenada,Unknown,37,NA,34,NA,24,NA,34,NA,26,NA
Hancock,White,41,36,34,26,49,39,43,34,29,22
Hancock,Black,41,NA,34,NA,49,10,43,8,29,7
Hancock,Other,41,NA,34,NA,49,NA,43,NA,29,NA
Hancock,Unknown,41,NA,34,NA,49,NA,43,NA,29,NA
Harrison,White,289,146,277,132,290,136,271,131,261,136
Harrison,Black,289,122,277,131,290,146,271,126,261,106
Harrison,Other,289,21,277,14,290,8,271,14,261,19
Harrison,Unknown,289,NA,277,NA,290,NA,271,NA,261,NA
Hinds,White,439,50,441,41,449,57,461,47,438,45
Hinds,Black,439,382,441,395,449,381,461,411,438,386
Hinds,Other,439,7,441,NA,449,11,461,NA,438,7
Hinds,Unknown,439,NA,441,NA,449,NA,461,NA,438,NA
Holmes,White,34,NA,30,NA,41,NA,42,NA,37,NA
Holmes,Black,34,33,30,29,41,39,42,40,37,33
Holmes,Other,34,NA,30,NA,41,NA,42,NA,37,NA
Holmes,Unknown,34,NA,30,NA,41,NA,42,NA,37,NA
Humphreys,White,18,NA,11,NA,13,NA,23,NA,15,NA
Humphreys,Black,18,17,11,11,13,13,23,22,15,14
Humphreys,Other,18,NA,11,NA,13,NA,23,NA,15,NA
Humphreys,Unknown,18,NA,11,NA,13,NA,23,NA,15,NA
Issaquena,White,NA,NA,7,NA,NA,NA,NA,NA,NA,NA
Issaquena,Black,NA,NA,7,7,NA,NA,NA,NA,NA,NA
Issaquena,Other,NA,NA,7,NA,NA,NA,NA,NA,NA,NA
Issaquena,Unknown,NA,NA,7,NA,NA,NA,NA,NA,NA,NA
Itawamba,White,33,30,21,19,27,24,24,20,27,23
Itawamba,Black,33,NA,21,NA,27,NA,24,NA,27,NA
Itawamba,Other,33,NA,21,NA,27,NA,24,NA,27,NA
Itawamba,Unknown,33,NA,21,NA,27,NA,24,NA,27,NA
Jackson,White,168,93,166,99,163,89,186,101,160,90
Jackson,Black,168,65,166,63,163,67,186,76,160,62
Jackson,Other,168,10,166,NA,163,7,186,9,160,8
Jackson,Unknown,168,NA,166,NA,163,NA,186,NA,160,NA
Jasper,White,27,6,24,9,25,NA,26,6,24,NA
Jasper,Black,27,21,24,15,25,20,26,20,24,20
Jasper,Other,27,NA,24,NA,25,NA,26,NA,24,NA
Jasper,Unknown,27,NA,24,NA,25,NA,26,NA,24,NA
Jefferson,White,14,NA,19,NA,10,NA,7,NA,13,NA
Jefferson,Black,14,14,19,18,10,9,7,7,13,13
Jefferson,Other,14,NA,19,NA,10,NA,7,NA,13,NA
Jefferson,Unknown,14,NA,19,NA,10,NA,7,NA,13,NA
Jefferson Davis,White,13,NA,15,NA,24,NA,22,NA,20,NA
Jefferson Davis,Black,13,7,15,11,24,20,22,20,20,19
Jefferson Davis,Other,13,NA,15,NA,24,NA,22,NA,20,NA
Jefferson Davis,Unknown,13,NA,15,NA,24,NA,22,NA,20,NA
Jones,White,112,58,110,50,119,59,102,33,98,53
Jones,Black,112,51,110,59,119,57,102,66,98,44
Jones,Other,112,NA,110,NA,119,NA,102,NA,98,NA
Jones,Unknown,112,NA,110,NA,119,NA,102,NA,98,NA
Kemper,White,12,NA,15,NA,19,NA,10,NA,11,NA
Kemper,Black,12,8,15,14,19,15,10,8,11,8
Kemper,Other,12,NA,15,NA,19,NA,10,NA,11,NA
Kemper,Unknown,12,NA,15,NA,19,NA,10,NA,11,NA
Lafayette,White,41,20,37,23,43,24,60,32,46,16
Lafayette,Black,41,19,37,13,43,19,60,27,46,28
Lafayette,Other,41,NA,37,NA,43,NA,60,NA,46,NA
Lafayette,Unknown,41,NA,37,NA,43,NA,60,NA,46,NA
Lamar,White,67,42,86,51,100,54,63,36,73,37
Lamar,Black,67,23,86,32,100,42,63,24,73,34
Lamar,Other,67,NA,86,NA,100,NA,63,NA,73,NA
Lamar,Unknown,67,NA,86,NA,100,NA,63,NA,73,NA
Lauderdale,White,118,32,142,47,131,50,136,38,114,45
Lauderdale,Black,118,82,142,89,131,79,136,95,114,62
Lauderdale,Other,118,NA,142,6,131,NA,136,NA,114,7
Lauderdale,Unknown,118,NA,142,NA,131,NA,136,NA,114,NA
Lawrence,White,20,14,22,9,18,7,15,12,21,9
Lawrence,Black,20,6,22,13,18,11,15,NA,21,12
Lawrence,Other,20,NA,22,NA,18,NA,15,NA,21,NA
Lawrence,Unknown,20,NA,22,NA,18,NA,15,NA,21,NA
Leake,White,32,10,31,17,30,13,33,13,40,19
Leake,Black,32,20,31,11,30,14,33,16,40,13
Leake,Other,32,NA,31,NA,30,NA,33,NA,40,8
Leake,Unknown,32,NA,31,NA,30,NA,33,NA,40,NA
Lee,White,144,55,134,53,130,50,164,56,138,57
Lee,Black,144,89,134,79,130,79,164,103,138,77
Lee,Other,144,NA,134,NA,130,NA,164,NA,138,NA
Lee,Unknown,144,NA,134,NA,130,NA,164,NA,138,NA
Leflore,White,75,13,61,7,57,10,72,9,62,6
Leflore,Black,75,62,61,54,57,47,72,63,62,56
Leflore,Other,75,NA,61,NA,57,NA,72,NA,62,NA
Leflore,Unknown,75,NA,61,NA,57,NA,72,NA,62,NA
Lincoln,White,49,23,44,21,44,18,40,21,46,22
Lincoln,Black,49,26,44,23,44,25,40,19,46,23
Lincoln,Other,49,NA,44,NA,44,NA,40,NA,46,NA
Lincoln,Unknown,49,NA,44,NA,44,NA,40,NA,46,NA
Lowndes,White,85,30,92,26,96,24,95,30,104,29
Lowndes,Black,85,55,92,64,96,71,95,64,104,75
Lowndes,Other,85,NA,92,NA,96,NA,95,NA,104,NA
Lowndes,Unknown,85,NA,92,NA,96,NA,95,NA,104,NA
Madison,White,137,46,129,38,140,54,172,70,122,32
Madison,Black,137,87,129,85,140,85,172,96,122,82
Madison,Other,137,NA,129,6,140,NA,172,6,122,8
Madison,Unknown,137,NA,129,NA,140,NA,172,NA,122,NA
Marion,White,37,23,27,16,42,24,30,15,30,16
Marion,Black,37,13,27,11,42,17,30,15,30,14
Marion,Other,37,NA,27,NA,42,NA,30,NA,30,NA
Marion,Unknown,37,NA,27,NA,42,NA,30,NA,30,NA
Marshall,White,51,20,35,8,64,24,57,27,41,19
Marshall,Black,51,31,35,27,64,40,57,30,41,22
Marshall,Other,51,NA,35,NA,64,NA,57,NA,41,NA
Marshall,Unknown,51,NA,35,NA,64,NA,57,NA,41,NA
Monroe,White,58,35,62,34,55,27,68,37,57,27
Monroe,Black,58,22,62,28,55,27,68,29,57,30
Monroe,Other,58,NA,62,NA,55,NA,68,NA,57,NA
Monroe,Unknown,58,NA,62,NA,55,NA,68,NA,57,NA
Montgomery,White,12,NA,11,NA,22,NA,16,6,13,6
Montgomery,Black,12,9,11,6,22,17,16,10,13,6
Montgomery,Other,12,NA,11,NA,22,NA,16,NA,13,NA
Montgomery,Unknown,12,NA,11,NA,22,NA,16,NA,13,NA
Neshoba,White,33,16,37,16,27,11,44,25,32,12
Neshoba,Black,33,11,37,10,27,12,44,13,32,11
Neshoba,Other,33,6,37,11,27,NA,44,6,32,9
Neshoba,Unknown,33,NA,37,NA,27,NA,44,NA,32,NA
Newton,White,39,17,40,17,36,20,24,10,39,12
Newton,Black,39,18,40,20,36,15,24,11,39,26
Newton,Other,39,NA,40,NA,36,NA,24,NA,39,NA
Newton,Unknown,39,NA,40,NA,36,NA,24,NA,39,NA
Noxubee,White,22,NA,21,NA,21,NA,21,NA,19,NA
Noxubee,Black,22,17,21,18,21,20,21,18,19,19
Noxubee,Other,22,NA,21,NA,21,NA,21,NA,19,NA
Noxubee,Unknown,22,NA,21,NA,21,NA,21,NA,19,NA
Oktibbeha,White,65,11,70,18,59,18,62,14,62,10
Oktibbeha,Black,65,53,70,51,59,39,62,45,62,49
Oktibbeha,Other,65,NA,70,NA,59,NA,62,NA,62,NA
Oktibbeha,Unknown,65,NA,70,NA,59,NA,62,NA,62,NA
Panola,White,55,18,53,10,60,15,61,20,58,22
Panola,Black,55,37,53,43,60,45,61,41,58,36
Panola,Other,55,NA,53,NA,60,NA,61,NA,58,NA
Panola,Unknown,55,NA,53,NA,60,NA,61,NA,58,NA
Pearl River,White,68,48,52,39,61,46,75,66,55,42
Pearl River,Black,68,19,52,13,61,14,75,8,55,12
Pearl River,Other,68,NA,52,NA,61,NA,75,NA,55,NA
Pearl River,Unknown,68,NA,52,NA,61,NA,75,NA,55,NA
Perry,White,14,12,13,NA,NA,NA,12,8,9,NA
Perry,Black,14,NA,13,8,NA,NA,12,NA,9,NA
Perry,Other,14,NA,13,NA,NA,NA,12,NA,9,NA
Perry,Unknown,14,NA,13,NA,NA,NA,12,NA,9,NA
Pike,White,70,20,67,18,74,17,73,14,68,20
Pike,Black,70,49,67,48,74,56,73,58,68,46
Pike,Other,70,NA,67,NA,74,NA,73,NA,68,NA
Pike,Unknown,70,NA,67,NA,74,NA,73,NA,68,NA
Pontotoc,White,45,38,49,39,39,26,48,38,35,28
Pontotoc,Black,45,7,49,10,39,13,48,10,35,7
Pontotoc,Other,45,NA,49,NA,39,NA,48,NA,35,NA
Pontotoc,Unknown,45,NA,49,NA,39,NA,48,NA,35,NA
Prentiss,White,35,24,38,33,40,34,34,22,36,28
Prentiss,Black,35,11,38,NA,40,6,34,12,36,8
Prentiss,Other,35,NA,38,NA,40,NA,34,NA,36,NA
Prentiss,Unknown,35,NA,38,NA,40,NA,34,NA,36,NA
Quitman,White,14,NA,17,NA,17,NA,14,NA,11,NA
Quitman,Black,14,14,17,14,17,15,14,13,11,8
Quitman,Other,14,NA,17,NA,17,NA,14,NA,11,NA
Quitman,Unknown,14,NA,17,NA,17,NA,14,NA,11,NA
Rankin,White,153,94,163,98,171,107,183,116,161,111
Rankin,Black,153,53,163,58,171,58,183,65,161,46
Rankin,Other,153,6,163,7,171,6,183,NA,161,NA
Rankin,Unknown,153,NA,163,NA,171,NA,183,NA,161,NA
Scott,White,55,25,59,30,70,28,57,32,70,33
Scott,Black,55,28,59,29,70,42,57,25,70,36
Scott,Other,55,NA,59,NA,70,NA,57,NA,70,NA
Scott,Unknown,55,NA,59,NA,70,NA,57,NA,70,NA
Sharkey,White,6,NA,16,NA,NA,NA,NA,NA,8,NA
Sharkey,Black,6,NA,16,15,NA,NA,NA,NA,8,NA
Sharkey,Other,6,NA,16,NA,NA,NA,NA,NA,8,NA
Sharkey,Unknown,6,NA,16,NA,NA,NA,NA,NA,8,NA
Simpson,White,28,13,36,21,39,20,44,16,33,15
Simpson,Black,28,14,36,15,39,16,44,28,33,18
Simpson,Other,28,NA,36,NA,39,NA,44,NA,33,NA
Simpson,Unknown,28,NA,36,NA,39,NA,44,NA,33,NA
Smith,White,19,NA,18,12,22,12,25,18,19,12
Smith,Black,19,14,18,6,22,10,25,7,19,7
Smith,Other,19,NA,18,NA,22,NA,25,NA,19,NA
Smith,Unknown,19,NA,18,NA,22,NA,25,NA,19,NA
Stone,White,28,21,33,23,27,13,26,17,18,10
Stone,Black,28,7,33,10,27,13,26,9,18,8
Stone,Other,28,NA,33,NA,27,NA,26,NA,18,NA
Stone,Unknown,28,NA,33,NA,27,NA,26,NA,18,NA
Sunflower,White,46,NA,39,NA,42,NA,41,6,39,NA
Sunflower,Black,46,44,39,35,42,38,41,35,39,35
Sunflower,Other,46,NA,39,NA,42,NA,41,NA,39,NA
Sunflower,Unknown,46,NA,39,NA,42,NA,41,NA,39,NA
Tallahatchie,White,15,6,30,NA,29,NA,17,NA,15,NA
Tallahatchie,Black,15,9,30,26,29,27,17,14,15,12
Tallahatchie,Other,15,NA,30,NA,29,NA,17,NA,15,NA
Tallahatchie,Unknown,15,NA,30,NA,29,NA,17,NA,15,NA
Tate,White,29,15,35,16,38,24,28,12,30,15
Tate,Black,29,14,35,18,38,14,28,16,30,15
Tate,Other,29,NA,35,NA,38,NA,28,NA,30,NA
Tate,Unknown,29,NA,35,NA,38,NA,28,NA,30,NA
Tippah,White,38,35,33,19,29,19,21,16,30,20
Tippah,Black,38,NA,33,13,29,10,21,NA,30,10
Tippah,Other,38,NA,33,NA,29,NA,21,NA,30,NA
Tippah,Unknown,38,NA,33,NA,29,NA,21,NA,30,NA
Tishomingo,White,21,21,28,27,24,24,22,22,21,21
Tishomingo,Black,21,NA,28,NA,24,NA,22,NA,21,NA
Tishomingo,Other,21,NA,28,NA,24,NA,22,NA,21,NA
Tishomingo,Unknown,21,NA,28,NA,24,NA,22,NA,21,NA
Tunica,White,24,NA,23,NA,30,NA,33,NA,24,7
Tunica,Black,24,22,23,21,30,28,33,32,24,17
Tunica,Other,24,NA,23,NA,30,NA,33,NA,24,NA
Tunica,Unknown,24,NA,23,NA,30,NA,33,NA,24,NA
Union,White,41,27,51,39,34,24,32,19,34,22
Union,Black,41,13,51,12,34,10,32,11,34,12
Union,Other,41,NA,51,NA,34,NA,32,NA,34,NA
Union,Unknown,41,NA,51,NA,34,NA,32,NA,34,NA
Walthall,White,13,NA,25,7,32,8,18,NA,13,NA
Walthall,Black,13,10,25,18,32,24,18,13,13,9
Walthall,Other,13,NA,25,NA,32,NA,18,NA,13,NA
Walthall,Unknown,13,NA,25,NA,32,NA,18,NA,13,NA
Warren,White,84,25,81,26,77,29,85,25,66,19
Warren,Black,84,58,81,54,77,47,85,59,66,46
Warren,Other,84,NA,81,NA,77,NA,85,NA,66,NA
Warren,Unknown,84,NA,81,NA,77,NA,85,NA,66,NA
Washington,White,94,8,86,NA,85,11,78,8,84,11
Washington,Black,94,85,86,81,85,72,78,68,84,72
Washington,Other,94,NA,86,NA,85,NA,78,NA,84,NA
Washington,Unknown,94,NA,86,NA,85,NA,78,NA,84,NA
Wayne,White,49,20,39,18,30,13,43,10,40,13
Wayne,Black,49,29,39,20,30,17,43,33,40,27
Wayne,Other,49,NA,39,NA,30,NA,43,NA,40,NA
Wayne,Unknown,49,NA,39,NA,30,NA,43,NA,40,NA
Webster,White,12,11,8,7,20,13,14,9,19,10
Webster,Black,12,NA,8,NA,20,7,14,NA,19,8
Webster,Other,12,NA,8,NA,20,NA,14,NA,19,NA
Webster,Unknown,12,NA,8,NA,20,NA,14,NA,19,NA
Wilkinson,White,18,NA,6,NA,12,NA,15,NA,10,NA
Wilkinson,Black,18,16,6,NA,12,10,15,13,10,9
Wilkinson,Other,18,NA,6,NA,12,NA,15,NA,10,NA
Wilkinson,Unknown,18,NA,6,NA,12,NA,15,NA,10,NA
Winston,White,30,12,28,7,22,NA,22,NA,30,7
Winston,Black,30,18,28,19,22,18,22,19,30,23
Winston,Other,30,NA,28,NA,22,NA,22,NA,30,NA
Winston,Unknown,30,NA,28,NA,22,NA,22,NA,30,NA
Yalobusha,White,14,8,22,11,12,NA,14,6,24,14
Yalobusha,Black,14,6,22,11,12,7,14,8,24,10
Yalobusha,Other,14,NA,22,NA,12,NA,14,NA,24,NA
Yalobusha,Unknown,14,NA,22,NA,12,NA,14,NA,24,NA
Yazoo,White,36,NA,42,13,55,14,43,7,43,14
Yazoo,Black,36,31,42,29,55,41,43,36,43,29
Yazoo,Other,36,NA,42,NA,55,NA,43,NA,43,NA
Yazoo,Unknown,36,NA,42,NA,55,NA,43,NA,43,NA
Total,White,4354,1732,4353,1676,4495,1714,4520,1704,4206,1598
Total,Black,4354,2525,4353,2585,4495,2698,4520,2722,4206,2504
Total,Other,4354,97,4353,92,4495,83,4520,94,4206,104
Total,Unknown,4354,NA,4353,NA,4495,NA,4520,NA,4206,NA
