Geography  ,Race,Total 2016,Amount 2016,Total 2017,Amount 2017,Total 2018,Amount 2018,Total 2019,Amount 2019,Total 2020,Amount 2020
Adams,White,18,NA,13,NA,15,NA,NA,NA,6,NA
Adams,Black,18,14,13,11,15,14,NA,NA,6,NA
Adams,Other,18,NA,13,NA,15,NA,NA,NA,6,NA
Adams,Unknown,18,NA,13,NA,15,NA,NA,NA,6,NA
Alcorn,White,NA,NA,9,7,13,11,14,13,NA,NA
Alcorn,Black,NA,NA,9,NA,13,NA,14,NA,NA,NA
Alcorn,Other,NA,NA,9,NA,13,NA,14,NA,NA,NA
Alcorn,Unknown,NA,NA,9,NA,13,NA,14,NA,NA,NA
Amite,White,NA,NA,NA,NA,NA,NA,7,NA,NA,NA
Amite,Black,NA,NA,NA,NA,NA,NA,7,6,NA,NA
Amite,Other,NA,NA,NA,NA,NA,NA,7,NA,NA,NA
Amite,Unknown,NA,NA,NA,NA,NA,NA,7,NA,NA,NA
Attala,White,NA,NA,10,NA,NA,NA,7,NA,7,NA
Attala,Black,NA,NA,10,7,NA,NA,7,6,7,NA
Attala,Other,NA,NA,10,NA,NA,NA,7,NA,7,NA
Attala,Unknown,NA,NA,10,NA,NA,NA,7,NA,7,NA
Benton,White,NA,NA,NA,NA,NA,NA,NA,NA,NA,NA
Benton,Black,NA,NA,NA,NA,NA,NA,NA,NA,NA,NA
Benton,Other,NA,NA,NA,NA,NA,NA,NA,NA,NA,NA
Benton,Unknown,NA,NA,NA,NA,NA,NA,NA,NA,NA,NA
Bolivar,White,14,NA,13,NA,15,NA,19,NA,NA,NA
Bolivar,Black,14,14,13,12,15,15,19,17,NA,NA
Bolivar,Other,14,NA,13,NA,15,NA,19,NA,NA,NA
Bolivar,Unknown,14,NA,13,NA,15,NA,19,NA,NA,NA
Calhoun,White,NA,NA,NA,NA,NA,NA,6,NA,NA,NA
Calhoun,Black,NA,NA,NA,NA,NA,NA,6,NA,NA,NA
Calhoun,Other,NA,NA,NA,NA,NA,NA,6,NA,NA,NA
Calhoun,Unknown,NA,NA,NA,NA,NA,NA,6,NA,NA,NA
Carroll,White,NA,NA,NA,NA,NA,NA,NA,NA,NA,NA
Carroll,Black,NA,NA,NA,NA,NA,NA,NA,NA,NA,NA
Carroll,Other,NA,NA,NA,NA,NA,NA,NA,NA,NA,NA
Carroll,Unknown,NA,NA,NA,NA,NA,NA,NA,NA,NA,NA
Chickasaw,White,7,NA,7,NA,6,NA,11,NA,6,NA
Chickasaw,Black,7,NA,7,NA,6,NA,11,7,6,NA
Chickasaw,Other,7,NA,7,NA,6,NA,11,NA,6,NA
Chickasaw,Unknown,7,NA,7,NA,6,NA,11,NA,6,NA
Choctaw,White,NA,NA,NA,NA,NA,NA,NA,NA,NA,NA
Choctaw,Black,NA,NA,NA,NA,NA,NA,NA,NA,NA,NA
Choctaw,Other,NA,NA,NA,NA,NA,NA,NA,NA,NA,NA
Choctaw,Unknown,NA,NA,NA,NA,NA,NA,NA,NA,NA,NA
Claiborne,White,NA,NA,NA,NA,NA,NA,NA,NA,NA,NA
Claiborne,Black,NA,NA,NA,NA,NA,NA,NA,NA,NA,NA
Claiborne,Other,NA,NA,NA,NA,NA,NA,NA,NA,NA,NA
Claiborne,Unknown,NA,NA,NA,NA,NA,NA,NA,NA,NA,NA
Clarke,White,NA,NA,NA,NA,NA,NA,6,NA,NA,NA
Clarke,Black,NA,NA,NA,NA,NA,NA,6,NA,NA,NA
Clarke,Other,NA,NA,NA,NA,NA,NA,6,NA,NA,NA
Clarke,Unknown,NA,NA,NA,NA,NA,NA,6,NA,NA,NA
Clay,White,9,NA,6,NA,10,NA,NA,NA,13,NA
Clay,Black,9,8,6,6,10,9,NA,NA,13,13
Clay,Other,9,NA,6,NA,10,NA,NA,NA,13,NA
Clay,Unknown,9,NA,6,NA,10,NA,NA,NA,13,NA
Coahoma,White,9,NA,12,NA,10,NA,6,NA,12,NA
Coahoma,Black,9,9,12,11,10,10,6,NA,12,10
Coahoma,Other,9,NA,12,NA,10,NA,6,NA,12,NA
Coahoma,Unknown,9,NA,12,NA,10,NA,6,NA,12,NA
Copiah,White,7,NA,9,NA,7,NA,7,NA,8,NA
Copiah,Black,7,6,9,8,7,7,7,NA,8,NA
Copiah,Other,7,NA,9,NA,7,NA,7,NA,8,NA
Copiah,Unknown,7,NA,9,NA,7,NA,7,NA,8,NA
Covington,White,9,NA,NA,NA,NA,NA,NA,NA,12,NA
Covington,Black,9,7,NA,NA,NA,NA,NA,NA,12,10
Covington,Other,9,NA,NA,NA,NA,NA,NA,NA,12,NA
Covington,Unknown,9,NA,NA,NA,NA,NA,NA,NA,12,NA
DeSoto,White,33,12,27,11,36,12,48,25,50,18
DeSoto,Black,33,21,27,16,36,21,48,22,50,31
DeSoto,Other,33,NA,27,NA,36,NA,48,NA,50,NA
DeSoto,Unknown,33,NA,27,NA,36,NA,48,NA,50,NA
Forrest,White,18,NA,22,NA,31,11,24,8,21,7
Forrest,Black,18,14,22,16,31,20,24,16,21,14
Forrest,Other,18,NA,22,NA,31,NA,24,NA,21,NA
Forrest,Unknown,18,NA,22,NA,31,NA,24,NA,21,NA
Franklin,White,NA,NA,NA,NA,NA,NA,NA,NA,NA,NA
Franklin,Black,NA,NA,NA,NA,NA,NA,NA,NA,NA,NA
Franklin,Other,NA,NA,NA,NA,NA,NA,NA,NA,NA,NA
Franklin,Unknown,NA,NA,NA,NA,NA,NA,NA,NA,NA,NA
George,White,NA,NA,NA,NA,6,NA,NA,NA,NA,NA
George,Black,NA,NA,NA,NA,6,NA,NA,NA,NA,NA
George,Other,NA,NA,NA,NA,6,NA,NA,NA,NA,NA
George,Unknown,NA,NA,NA,NA,6,NA,NA,NA,NA,NA
Greene,White,NA,NA,NA,NA,NA,NA,NA,NA,NA,NA
Greene,Black,NA,NA,NA,NA,NA,NA,NA,NA,NA,NA
Greene,Other,NA,NA,NA,NA,NA,NA,NA,NA,NA,NA
Greene,Unknown,NA,NA,NA,NA,NA,NA,NA,NA,NA,NA
Grenada,White,7,NA,NA,NA,NA,NA,NA,NA,6,NA
Grenada,Black,7,NA,NA,NA,NA,NA,NA,NA,6,NA
Grenada,Other,7,NA,NA,NA,NA,NA,NA,NA,6,NA
Grenada,Unknown,7,NA,NA,NA,NA,NA,NA,NA,6,NA
Hancock,White,12,9,NA,NA,10,9,6,NA,NA,NA
Hancock,Black,12,NA,NA,NA,10,NA,6,NA,NA,NA
Hancock,Other,12,NA,NA,NA,10,NA,6,NA,NA,NA
Hancock,Unknown,12,NA,NA,NA,10,NA,6,NA,NA,NA
Harrison,White,67,30,56,27,46,20,56,22,50,24
Harrison,Black,67,34,56,28,46,26,56,31,50,24
Harrison,Other,67,NA,56,NA,46,NA,56,NA,50,NA
Harrison,Unknown,67,NA,56,NA,46,NA,56,NA,50,NA
Hinds,White,93,8,99,8,96,6,92,NA,70,NA
Hinds,Black,93,82,99,90,96,90,92,87,70,66
Hinds,Other,93,NA,99,NA,96,NA,92,NA,70,NA
Hinds,Unknown,93,NA,99,NA,96,NA,92,NA,70,NA
Holmes,White,7,NA,NA,NA,NA,NA,NA,NA,NA,NA
Holmes,Black,7,7,NA,NA,NA,NA,NA,NA,NA,NA
Holmes,Other,7,NA,NA,NA,NA,NA,NA,NA,NA,NA
Holmes,Unknown,7,NA,NA,NA,NA,NA,NA,NA,NA,NA
Humphreys,White,NA,NA,NA,NA,NA,NA,NA,NA,NA,NA
Humphreys,Black,NA,NA,NA,NA,NA,NA,NA,NA,NA,NA
Humphreys,Other,NA,NA,NA,NA,NA,NA,NA,NA,NA,NA
Humphreys,Unknown,NA,NA,NA,NA,NA,NA,NA,NA,NA,NA
Issaquena,White,NA,NA,NA,NA,NA,NA,NA,NA,NA,NA
Issaquena,Black,NA,NA,NA,NA,NA,NA,NA,NA,NA,NA
Issaquena,Other,NA,NA,NA,NA,NA,NA,NA,NA,NA,NA
Issaquena,Unknown,NA,NA,NA,NA,NA,NA,NA,NA,NA,NA
Itawamba,White,NA,NA,NA,NA,NA,NA,NA,NA,NA,NA
Itawamba,Black,NA,NA,NA,NA,NA,NA,NA,NA,NA,NA
Itawamba,Other,NA,NA,NA,NA,NA,NA,NA,NA,NA,NA
Itawamba,Unknown,NA,NA,NA,NA,NA,NA,NA,NA,NA,NA
Jackson,White,30,16,21,11,30,13,32,14,31,16
Jackson,Black,30,12,21,10,30,17,32,16,31,13
Jackson,Other,30,NA,21,NA,30,NA,32,NA,31,NA
Jackson,Unknown,30,NA,21,NA,30,NA,32,NA,31,NA
Jasper,White,NA,NA,NA,NA,NA,NA,NA,NA,NA,NA
Jasper,Black,NA,NA,NA,NA,NA,NA,NA,NA,NA,NA
Jasper,Other,NA,NA,NA,NA,NA,NA,NA,NA,NA,NA
Jasper,Unknown,NA,NA,NA,NA,NA,NA,NA,NA,NA,NA
Jefferson,White,NA,NA,7,NA,NA,NA,NA,NA,NA,NA
Jefferson,Black,NA,NA,7,7,NA,NA,NA,NA,NA,NA
Jefferson,Other,NA,NA,7,NA,NA,NA,NA,NA,NA,NA
Jefferson,Unknown,NA,NA,7,NA,NA,NA,NA,NA,NA,NA
Jefferson Davis,White,NA,NA,NA,NA,NA,NA,NA,NA,NA,NA
Jefferson Davis,Black,NA,NA,NA,NA,NA,NA,NA,NA,NA,NA
Jefferson Davis,Other,NA,NA,NA,NA,NA,NA,NA,NA,NA,NA
Jefferson Davis,Unknown,NA,NA,NA,NA,NA,NA,NA,NA,NA,NA
Jones,White,13,NA,21,9,16,6,13,NA,20,11
Jones,Black,13,8,21,12,16,10,13,12,20,9
Jones,Other,13,NA,21,NA,16,NA,13,NA,20,NA
Jones,Unknown,13,NA,21,NA,16,NA,13,NA,20,NA
Kemper,White,NA,NA,NA,NA,NA,NA,NA,NA,NA,NA
Kemper,Black,NA,NA,NA,NA,NA,NA,NA,NA,NA,NA
Kemper,Other,NA,NA,NA,NA,NA,NA,NA,NA,NA,NA
Kemper,Unknown,NA,NA,NA,NA,NA,NA,NA,NA,NA,NA
Lafayette,White,10,NA,7,NA,NA,NA,20,10,NA,NA
Lafayette,Black,10,6,7,NA,NA,NA,20,10,NA,NA
Lafayette,Other,10,NA,7,NA,NA,NA,20,NA,NA,NA
Lafayette,Unknown,10,NA,7,NA,NA,NA,20,NA,NA,NA
Lamar,White,8,6,17,10,16,8,10,NA,12,NA
Lamar,Black,8,NA,17,7,16,8,10,7,12,10
Lamar,Other,8,NA,17,NA,16,NA,10,NA,12,NA
Lamar,Unknown,8,NA,17,NA,16,NA,10,NA,12,NA
Lauderdale,White,22,NA,20,6,28,8,38,13,18,8
Lauderdale,Black,22,18,20,13,28,19,38,25,18,9
Lauderdale,Other,22,NA,20,NA,28,NA,38,NA,18,NA
Lauderdale,Unknown,22,NA,20,NA,28,NA,38,NA,18,NA
Lawrence,White,NA,NA,NA,NA,NA,NA,NA,NA,NA,NA
Lawrence,Black,NA,NA,NA,NA,NA,NA,NA,NA,NA,NA
Lawrence,Other,NA,NA,NA,NA,NA,NA,NA,NA,NA,NA
Lawrence,Unknown,NA,NA,NA,NA,NA,NA,NA,NA,NA,NA
Leake,White,NA,NA,NA,NA,7,NA,NA,NA,8,NA
Leake,Black,NA,NA,NA,NA,7,NA,NA,NA,8,NA
Leake,Other,NA,NA,NA,NA,7,NA,NA,NA,8,NA
Leake,Unknown,NA,NA,NA,NA,7,NA,NA,NA,8,NA
Lee,White,36,13,24,6,31,10,28,7,22,7
Lee,Black,36,23,24,17,31,20,28,19,22,15
Lee,Other,36,NA,24,NA,31,NA,28,NA,22,NA
Lee,Unknown,36,NA,24,NA,31,NA,28,NA,22,NA
Leflore,White,17,NA,10,NA,9,NA,15,NA,9,NA
Leflore,Black,17,14,10,9,9,8,15,15,9,9
Leflore,Other,17,NA,10,NA,9,NA,15,NA,9,NA
Leflore,Unknown,17,NA,10,NA,9,NA,15,NA,9,NA
Lincoln,White,7,NA,15,6,7,NA,7,NA,8,NA
Lincoln,Black,7,NA,15,9,7,NA,7,NA,8,NA
Lincoln,Other,7,NA,15,NA,7,NA,7,NA,8,NA
Lincoln,Unknown,7,NA,15,NA,7,NA,7,NA,8,NA
Lowndes,White,18,NA,21,NA,17,NA,21,8,26,7
Lowndes,Black,18,13,21,19,17,14,21,13,26,19
Lowndes,Other,18,NA,21,NA,17,NA,21,NA,26,NA
Lowndes,Unknown,18,NA,21,NA,17,NA,21,NA,26,NA
Madison,White,22,6,21,NA,19,NA,32,11,25,7
Madison,Black,22,14,21,17,19,14,32,21,25,18
Madison,Other,22,NA,21,NA,19,NA,32,NA,25,NA
Madison,Unknown,22,NA,21,NA,19,NA,32,NA,25,NA
Marion,White,7,NA,NA,NA,7,NA,6,NA,6,NA
Marion,Black,7,NA,NA,NA,7,NA,6,6,6,NA
Marion,Other,7,NA,NA,NA,7,NA,6,NA,6,NA
Marion,Unknown,7,NA,NA,NA,7,NA,6,NA,6,NA
Marshall,White,7,NA,7,NA,12,NA,17,6,8,NA
Marshall,Black,7,6,7,7,12,10,17,11,8,NA
Marshall,Other,7,NA,7,NA,12,NA,17,NA,8,NA
Marshall,Unknown,7,NA,7,NA,12,NA,17,NA,8,NA
Monroe,White,11,7,7,NA,10,NA,8,NA,12,NA
Monroe,Black,11,NA,7,NA,10,NA,8,6,12,8
Monroe,Other,11,NA,7,NA,10,NA,8,NA,12,NA
Monroe,Unknown,11,NA,7,NA,10,NA,8,NA,12,NA
Montgomery,White,NA,NA,NA,NA,NA,NA,NA,NA,NA,NA
Montgomery,Black,NA,NA,NA,NA,NA,NA,NA,NA,NA,NA
Montgomery,Other,NA,NA,NA,NA,NA,NA,NA,NA,NA,NA
Montgomery,Unknown,NA,NA,NA,NA,NA,NA,NA,NA,NA,NA
Neshoba,White,NA,NA,9,NA,NA,NA,9,7,6,NA
Neshoba,Black,NA,NA,9,NA,NA,NA,9,NA,6,NA
Neshoba,Other,NA,NA,9,6,NA,NA,9,NA,6,NA
Neshoba,Unknown,NA,NA,9,NA,NA,NA,9,NA,6,NA
Newton,White,NA,NA,NA,NA,NA,NA,NA,NA,6,NA
Newton,Black,NA,NA,NA,NA,NA,NA,NA,NA,6,NA
Newton,Other,NA,NA,NA,NA,NA,NA,NA,NA,6,NA
Newton,Unknown,NA,NA,NA,NA,NA,NA,NA,NA,6,NA
Noxubee,White,NA,NA,NA,NA,NA,NA,NA,NA,NA,NA
Noxubee,Black,NA,NA,NA,NA,NA,NA,NA,NA,NA,NA
Noxubee,Other,NA,NA,NA,NA,NA,NA,NA,NA,NA,NA
Noxubee,Unknown,NA,NA,NA,NA,NA,NA,NA,NA,NA,NA
Oktibbeha,White,26,NA,15,NA,16,NA,11,NA,18,NA
Oktibbeha,Black,26,24,15,12,16,12,11,6,18,14
Oktibbeha,Other,26,NA,15,NA,16,NA,11,NA,18,NA
Oktibbeha,Unknown,26,NA,15,NA,16,NA,11,NA,18,NA
Panola,White,13,NA,10,NA,9,NA,10,NA,8,NA
Panola,Black,13,12,10,7,9,7,10,6,8,6
Panola,Other,13,NA,10,NA,9,NA,10,NA,8,NA
Panola,Unknown,13,NA,10,NA,9,NA,10,NA,8,NA
Pearl River,White,11,7,NA,NA,11,6,15,14,9,7
Pearl River,Black,11,NA,NA,NA,11,NA,15,NA,9,NA
Pearl River,Other,11,NA,NA,NA,11,NA,15,NA,9,NA
Pearl River,Unknown,11,NA,NA,NA,11,NA,15,NA,9,NA
Perry,White,NA,NA,NA,NA,NA,NA,NA,NA,NA,NA
Perry,Black,NA,NA,NA,NA,NA,NA,NA,NA,NA,NA
Perry,Other,NA,NA,NA,NA,NA,NA,NA,NA,NA,NA
Perry,Unknown,NA,NA,NA,NA,NA,NA,NA,NA,NA,NA
Pike,White,15,NA,14,NA,12,NA,13,NA,9,NA
Pike,Black,15,13,14,10,12,8,13,11,9,6
Pike,Other,15,NA,14,NA,12,NA,13,NA,9,NA
Pike,Unknown,15,NA,14,NA,12,NA,13,NA,9,NA
Pontotoc,White,6,NA,8,6,NA,NA,NA,NA,8,6
Pontotoc,Black,6,NA,8,NA,NA,NA,NA,NA,8,NA
Pontotoc,Other,6,NA,8,NA,NA,NA,NA,NA,8,NA
Pontotoc,Unknown,6,NA,8,NA,NA,NA,NA,NA,8,NA
Prentiss,White,NA,NA,6,NA,NA,NA,6,NA,NA,NA
Prentiss,Black,NA,NA,6,NA,NA,NA,6,NA,NA,NA
Prentiss,Other,NA,NA,6,NA,NA,NA,6,NA,NA,NA
Prentiss,Unknown,NA,NA,6,NA,NA,NA,6,NA,NA,NA
Quitman,White,6,NA,NA,NA,NA,NA,6,NA,NA,NA
Quitman,Black,6,6,NA,NA,NA,NA,6,6,NA,NA
Quitman,Other,6,NA,NA,NA,NA,NA,6,NA,NA,NA
Quitman,Unknown,6,NA,NA,NA,NA,NA,6,NA,NA,NA
Rankin,White,18,9,32,19,27,16,26,14,29,23
Rankin,Black,18,9,32,13,27,11,26,12,29,NA
Rankin,Other,18,NA,32,NA,27,NA,26,NA,29,NA
Rankin,Unknown,18,NA,32,NA,27,NA,26,NA,29,NA
Scott,White,8,NA,6,NA,17,NA,6,6,11,NA
Scott,Black,8,NA,6,NA,17,12,6,NA,11,7
Scott,Other,8,NA,6,NA,17,NA,6,NA,11,NA
Scott,Unknown,8,NA,6,NA,17,NA,6,NA,11,NA
Sharkey,White,NA,NA,NA,NA,NA,NA,NA,NA,NA,NA
Sharkey,Black,NA,NA,NA,NA,NA,NA,NA,NA,NA,NA
Sharkey,Other,NA,NA,NA,NA,NA,NA,NA,NA,NA,NA
Sharkey,Unknown,NA,NA,NA,NA,NA,NA,NA,NA,NA,NA
Simpson,White,7,NA,NA,NA,7,NA,7,NA,NA,NA
Simpson,Black,7,NA,NA,NA,7,NA,7,NA,NA,NA
Simpson,Other,7,NA,NA,NA,7,NA,7,NA,NA,NA
Simpson,Unknown,7,NA,NA,NA,7,NA,7,NA,NA,NA
Smith,White,NA,NA,NA,NA,NA,NA,NA,NA,6,NA
Smith,Black,NA,NA,NA,NA,NA,NA,NA,NA,6,NA
Smith,Other,NA,NA,NA,NA,NA,NA,NA,NA,6,NA
Smith,Unknown,NA,NA,NA,NA,NA,NA,NA,NA,6,NA
Stone,White,NA,NA,NA,NA,NA,NA,NA,NA,NA,NA
Stone,Black,NA,NA,NA,NA,NA,NA,NA,NA,NA,NA
Stone,Other,NA,NA,NA,NA,NA,NA,NA,NA,NA,NA
Stone,Unknown,NA,NA,NA,NA,NA,NA,NA,NA,NA,NA
Sunflower,White,12,NA,10,NA,7,NA,6,NA,6,NA
Sunflower,Black,12,12,10,10,7,6,6,6,6,6
Sunflower,Other,12,NA,10,NA,7,NA,6,NA,6,NA
Sunflower,Unknown,12,NA,10,NA,7,NA,6,NA,6,NA
Tallahatchie,White,9,NA,7,NA,NA,NA,NA,NA,NA,NA
Tallahatchie,Black,9,7,7,NA,NA,NA,NA,NA,NA,NA
Tallahatchie,Other,9,NA,7,NA,NA,NA,NA,NA,NA,NA
Tallahatchie,Unknown,9,NA,7,NA,NA,NA,NA,NA,NA,NA
Tate,White,NA,NA,11,NA,6,NA,6,NA,9,NA
Tate,Black,NA,NA,11,8,6,NA,6,NA,9,6
Tate,Other,NA,NA,11,NA,6,NA,6,NA,9,NA
Tate,Unknown,NA,NA,11,NA,6,NA,6,NA,9,NA
Tippah,White,8,7,NA,NA,NA,NA,8,6,NA,NA
Tippah,Black,8,NA,NA,NA,NA,NA,8,NA,NA,NA
Tippah,Other,8,NA,NA,NA,NA,NA,8,NA,NA,NA
Tippah,Unknown,8,NA,NA,NA,NA,NA,8,NA,NA,NA
Tishomingo,White,NA,NA,NA,NA,NA,NA,NA,NA,NA,NA
Tishomingo,Black,NA,NA,NA,NA,NA,NA,NA,NA,NA,NA
Tishomingo,Other,NA,NA,NA,NA,NA,NA,NA,NA,NA,NA
Tishomingo,Unknown,NA,NA,NA,NA,NA,NA,NA,NA,NA,NA
Tunica,White,7,NA,6,NA,7,NA,NA,NA,NA,NA
Tunica,Black,7,7,6,NA,7,7,NA,NA,NA,NA
Tunica,Other,7,NA,6,NA,7,NA,NA,NA,NA,NA
Tunica,Unknown,7,NA,6,NA,7,NA,NA,NA,NA,NA
Union,White,8,NA,NA,NA,6,NA,6,NA,NA,NA
Union,Black,8,NA,NA,NA,6,NA,6,NA,NA,NA
Union,Other,8,NA,NA,NA,6,NA,6,NA,NA,NA
Union,Unknown,8,NA,NA,NA,6,NA,6,NA,NA,NA
Walthall,White,NA,NA,NA,NA,6,NA,NA,NA,NA,NA
Walthall,Black,NA,NA,NA,NA,6,NA,NA,NA,NA,NA
Walthall,Other,NA,NA,NA,NA,6,NA,NA,NA,NA,NA
Walthall,Unknown,NA,NA,NA,NA,6,NA,NA,NA,NA,NA
Warren,White,9,NA,17,NA,9,NA,12,NA,16,NA
Warren,Black,9,8,17,14,9,6,12,9,16,12
Warren,Other,9,NA,17,NA,9,NA,12,NA,16,NA
Warren,Unknown,9,NA,17,NA,9,NA,12,NA,16,NA
Washington,White,14,NA,24,NA,20,NA,16,NA,16,NA
Washington,Black,14,13,24,24,20,18,16,12,16,12
Washington,Other,14,NA,24,NA,20,NA,16,NA,16,NA
Washington,Unknown,14,NA,24,NA,20,NA,16,NA,16,NA
Wayne,White,9,NA,7,NA,NA,NA,7,NA,NA,NA
Wayne,Black,9,NA,7,NA,NA,NA,7,6,NA,NA
Wayne,Other,9,NA,7,NA,NA,NA,7,NA,NA,NA
Wayne,Unknown,9,NA,7,NA,NA,NA,7,NA,NA,NA
Webster,White,NA,NA,NA,NA,NA,NA,NA,NA,NA,NA
Webster,Black,NA,NA,NA,NA,NA,NA,NA,NA,NA,NA
Webster,Other,NA,NA,NA,NA,NA,NA,NA,NA,NA,NA
Webster,Unknown,NA,NA,NA,NA,NA,NA,NA,NA,NA,NA
Wilkinson,White,NA,NA,NA,NA,NA,NA,NA,NA,NA,NA
Wilkinson,Black,NA,NA,NA,NA,NA,NA,NA,NA,NA,NA
Wilkinson,Other,NA,NA,NA,NA,NA,NA,NA,NA,NA,NA
Wilkinson,Unknown,NA,NA,NA,NA,NA,NA,NA,NA,NA,NA
Winston,White,NA,NA,NA,NA,6,NA,NA,NA,NA,NA
Winston,Black,NA,NA,NA,NA,6,NA,NA,NA,NA,NA
Winston,Other,NA,NA,NA,NA,6,NA,NA,NA,NA,NA
Winston,Unknown,NA,NA,NA,NA,6,NA,NA,NA,NA,NA
Yalobusha,White,NA,NA,NA,NA,NA,NA,NA,NA,6,NA
Yalobusha,Black,NA,NA,NA,NA,NA,NA,NA,NA,6,NA
Yalobusha,Other,NA,NA,NA,NA,NA,NA,NA,NA,6,NA
Yalobusha,Unknown,NA,NA,NA,NA,NA,NA,NA,NA,6,NA
Yazoo,White,8,NA,NA,NA,9,NA,7,NA,7,NA
Yazoo,Black,8,7,NA,NA,9,6,7,6,7,6
Yazoo,Other,8,NA,NA,NA,9,NA,7,NA,7,NA
Yazoo,Unknown,8,NA,NA,NA,9,NA,7,NA,7,NA
Total,White,811,232,794,228,803,247,836,285,749,255
Total,Black,811,559,794,551,803,549,836,539,749,482
Total,Other,811,20,794,15,803,7,836,12,749,12
Total,Unknown,811,NA,794,NA,803,NA,836,NA,749,NA
